Page URL,
https://www.ura.gov.sg/Corporate/Media-Room/Media-Releases,
https://www.ura.gov.sg/Corporate,
https://www.ura.gov.sg/Corporate/Planning/Master-Plan,
https://www.ura.gov.sg/Corporate/Planning/Master-Plan/Draft-Master-Plan-2025,
https://www.ura.gov.sg/Corporate/Property/Property-Data/Private-Residential-Properties,
https://www.ura.gov.sg/Corporate/Property/Residential/Buying-Property?utm_source=Public-BuyingPteProperty&utm_medium=website&utm_campaign=Home-quicklinks&utm_content=Home-quicklinks,
https://www.ura.gov.sg/Corporate/Property/Residential/Renting-Property,
https://www.ura.gov.sg/Corporate/E-Services,
https://www.ura.gov.sg/Corporate/Singapore-City-Gallery,
https://www.ura.gov.sg/Corporate/Land-Sales/Current-URA-GLS-Sites,
https://www.ura.gov.sg/Corporate/Property/Property-Data,
https://www.ura.gov.sg/Corporate/Planning/Master-Plan/Draft-Master-Plan-2025/Recreation-Master-Plan,
https://www.ura.gov.sg/Corporate/Media-Room/Media-Releases/pr24-03,
https://www.ura.gov.sg/Corporate/Planning,
https://www.ura.gov.sg/Corporate/Planning/Master-Plan/Amendments,
https://www.ura.gov.sg/Corporate/Car-Parks/Season-Parking/Apply,
https://www.ura.gov.sg/Corporate/Planning/Long-Term-Plan-Review,
https://www.ura.gov.sg/Corporate/Contact-Us,
https://www.ura.gov.sg/Corporate/Property,
https://www.ura.gov.sg/Corporate/Car-Parks/Season-Parking/Renew,
https://www.ura.gov.sg/Corporate/Search-Result,
https://www.ura.gov.sg/Corporate/Property/Business/Change-Use-of-Property-for-Business/Assessment-Criteria,
https://www.ura.gov.sg/Corporate/Property/Business/Change-Use-of-Property-for-Business,
https://www.ura.gov.sg/Corporate/Guidelines/Development-Control,
https://www.ura.gov.sg/corporate/planning/Master-Plan/Draft-Master-Plan-2025/Long-Island,
https://www.ura.gov.sg/Corporate/E-Services/Property-Market,
https://www.ura.gov.sg/Corporate/Land-Sales,
https://www.ura.gov.sg/Corporate/Guidelines/Development-Control/Non-Residential/B1/Allowable-Uses,
https://www.ura.gov.sg/Corporate/Planning/Master-Plan/Master-Plan-2019,
https://www.ura.gov.sg/Corporate/Guidelines/Development-Control/gross-floor-area/GFA/Advisory-Notes,
https://www.ura.gov.sg/Corporate/GSTrefund,
https://www.ura.gov.sg/Corporate/E-Services/Development-Control,
https://www.ura.gov.sg/Corporate/E-Services/Car-Parks/e-services-listing/season-parking,
https://www.ura.gov.sg/Corporate/Planning/Master-Plan/Draft-Master-Plan-2025/Identity-Corridors,
https://www.ura.gov.sg/Corporate/Get-Involved/Go-Car-Lite/Car-Free-Sunday/CFS/About-CFS,
https://www.ura.gov.sg/Corporate/Car-Parks,
https://www.ura.gov.sg/Corporate/Planning/Master-Plan/Amendments/2019/gazetted-proposed-amendments-to-master-plan-2019/list-proposed-amendments,
https://www.ura.gov.sg/Corporate/Guidelines/Development-Control/Residential,
https://www.ura.gov.sg/Corporate/Car-Parks/Season-Parking,
https://www.ura.gov.sg/Corporate/Guidelines/Development-Control/Non-Residential,
https://www.ura.gov.sg/Corporate/Planning/Master-Plan/Master-Plan-2019/Urban-Transformations/Punggol-Digital-District,
https://www.ura.gov.sg/Corporate/Property/Property-Data/Commercial-Properties,
https://www.ura.gov.sg/Corporate/Guidelines,
https://www.ura.gov.sg/Corporate/Planning/Master-Plan/Previous-Master-Plans,
https://www.ura.gov.sg/Corporate/Guidelines/Development-Control/Residential/Flats-Condominiums/Balconies-PES-PRT,
https://www.ura.gov.sg/Corporate/Guidelines/Home-Business/Home-Office-Scheme,
https://www.ura.gov.sg/Corporate/Planning/Master-Plan/Master-Plan-2019/Regional-Highlights/North-East-Region,
https://www.ura.gov.sg/Corporate/Guidelines/Circulars,
https://www.ura.gov.sg/Corporate/Planning/Master-Plan/Amendments/2019/gazetted-approved-amendments-to-master-plan-2019/list-approved-amendments,
https://www.ura.gov.sg/Corporate/Planning/Master-Plan/Master-Plan-2019/Urban-Transformations/Greater-Southern-Waterfront,
https://www.ura.gov.sg/Corporate/Guidelines/Development-Control/gross-floor-area/GFA/Introduction,
https://www.ura.gov.sg/Corporate/Land-Sales/Sites-For-Tender,
https://www.ura.gov.sg/Corporate/Guidelines/Home-Business/Home-Based-Businesses,
https://www.ura.gov.sg/Corporate/Car-Parks/Season-Parking/Transfer,
https://www.ura.gov.sg/Corporate/Property/Residential,
https://www.ura.gov.sg/Corporate/Land-Sales/Past-Sale-Sites,
https://www.ura.gov.sg/Corporate/Planning/Master-Plan/Master-Plan-2019/Urban-Transformations,
https://www.ura.gov.sg/Corporate/Guidelines/Circulars/dc22-09,
https://www.ura.gov.sg/Corporate/Media-Room/Media-Releases/pr23-50,
https://www.ura.gov.sg/Corporate/Property/Residential/Short-Term-Accommodation,
https://www.ura.gov.sg/Corporate/Media-Room/Media-Releases/pr23-12,
https://www.ura.gov.sg/corporate/Page%20Not%20Found,
https://www.ura.gov.sg/Corporate/Planning/Master-Plan/Master-Plan-2019/Urban-Transformations/Paya-Lebar-Airbase,
https://www.ura.gov.sg/Corporate/Guidelines/Conservation/Conservation-Guidelines,
https://www.ura.gov.sg/Corporate/Planning/Our-Planning-Process/Long-Term-Planning,
https://www.ura.gov.sg/Corporate/Car-Parks/Parking-Offences/Common-Offences,
https://www.ura.gov.sg/Corporate/E-Services/Others,
https://www.ura.gov.sg/Corporate/Pay-Fines,
https://www.ura.gov.sg/Corporate/Planning/Master-Plan/Master-Plan-2019/Regional-Highlights/West-Region,
https://www.ura.gov.sg/Corporate/Guidelines/Development-Control/Planning-Permission/Folder/DC-Charge-Rates,
https://www.ura.gov.sg/Corporate/Guidelines/Development-Control/Residential/Flats-Condominiums/Building-Height,
https://www.ura.gov.sg/Corporate/Planning/Master-Plan/Master-Plan-2019/Regional-Highlights,
https://www.ura.gov.sg/Corporate/Planning/Our-Planning-Process/Bringing-plans-to-Reality/Environmental-Impact-Assessment,
https://www.ura.gov.sg/Corporate/Media-Room/Media-Releases/pr21-02,
https://www.ura.gov.sg/Corporate/Property/Residential/Renting-Property/Tmp-relaxation,
https://www.ura.gov.sg/Corporate/Guidelines/Development-Control/Residential/Flats-Condominiums/Advisory-Notes,
https://www.ura.gov.sg/Corporate/Media-Room/Media-Releases/pr23-02,
https://www.ura.gov.sg/Corporate/Media-Room/Media-Releases/pr20-06,
https://www.ura.gov.sg/Corporate/Planning/Our-Planning-Process,
https://www.ura.gov.sg/Corporate/Guidelines/Developers/Housing-Developers,
https://www.ura.gov.sg/Corporate/Media-Room/Media-Releases/pr20-17,
https://www.ura.gov.sg/Corporate/Media-Room/Media-Releases/pr20-29,
https://www.ura.gov.sg/Corporate/Media-Room/Media-Releases/pr20-23,
https://www.ura.gov.sg/Corporate/About-Us,
https://www.ura.gov.sg/Corporate/E-Services/Planning,
https://www.ura.gov.sg/Corporate/Media-Room/Media-Releases/pr21-26,
https://www.ura.gov.sg/Corporate/Car-Parks/Use-Parking-Lots,
https://www.ura.gov.sg/Corporate/Media-Room/Media-Releases/pr21-10,
https://www.ura.gov.sg/Corporate/Media-Room/Media-Releases/pr22-08,
https://www.ura.gov.sg/Corporate/Planning/Master-Plan/Master-Plan-2019/Regional-Highlights/East-Region,
https://www.ura.gov.sg/Corporate/Guidelines/Development-Control/Planning-Permission,
https://www.ura.gov.sg/Corporate/Media-Room/Media-Releases/pr21-44,
https://www.ura.gov.sg/Corporate/Media-Room/Media-Releases/pr22-38,
https://www.ura.gov.sg/Corporate/Media-Room/Media-Releases/pr22-18,
https://www.ura.gov.sg/Corporate/Media-Room/Media-Releases/pr22-30,
https://www.ura.gov.sg/Corporate/Media-Room/Media-Releases/pr24-11,
https://www.ura.gov.sg/Corporate/Car-Parks/Vehicle-Parking-Certificate,
https://www.ura.gov.sg/Corporate/Guidelines/Development-Control/Residential/Flats-Condominiums/Setback,
https://www.ura.gov.sg/Corporate/Guidelines/Development-Control/Non-Residential/B2/Allowable-Uses,
https://www.ura.gov.sg/Corporate/Guidelines/Development-Control/Non-Residential/Commercial/Advisory-Notes,
https://www.ura.gov.sg/Corporate/Error%20Message?aspxerrorpath=/uol/Corporate/Property/Residential/Renting-Property/Tmp-relaxation,
https://www.ura.gov.sg/Corporate/land-sales/sites-for-tender.aspx,
https://www.ura.gov.sg/Corporate/Resources,
https://www.ura.gov.sg/Corporate/Guidelines/Development-Control/Planning-Permission/using-CORENET-eSS,
https://www.ura.gov.sg/Corporate/Car-Parks/Parking-Offences/Payment-of-Fines,
https://www.ura.gov.sg/Corporate/Guidelines/Development-Control/Residential/Terrace/Setbacks-from-boundaries,
https://www.ura.gov.sg/Corporate/Guidelines/Development-Control/Planning-Permission/using-CORENET-eSS/exemption,
https://www.ura.gov.sg/Corporate/Guidelines/Development-Control/Non-Residential/EI/GPR-Building-Height,
https://www.ura.gov.sg/Corporate/Guidelines/Urban-Design/Downtown-Core,
https://www.ura.gov.sg/Corporate/Guidelines/Development-Control/gross-floor-area/GFA/GFARelatedMatters,
https://www.ura.gov.sg/Corporate/Get-Involved/Shape-A-Distinctive-City/Explore-Our-City/Marina-Bay/The-Marina-Bay-Story,
https://www.ura.gov.sg/Corporate/Careers/Career-with-URA/Career-Opportunities,
https://www.ura.gov.sg/Corporate/Media-Room/Media-Releases/pr23-39,
https://www.ura.gov.sg/Corporate/Guidelines/Development-Control/Residential/Semi-Detached-Houses/EC,
https://www.ura.gov.sg/Corporate/Property/Business,
https://www.ura.gov.sg/Corporate/About-Us/What-We-Do,
https://www.ura.gov.sg/Corporate/Guidelines/Development-Control/Residential/Flats-Condominiums/Maximum-Number-DU,
https://www.ura.gov.sg/Corporate/Guidelines/Development-Control/gross-floor-area/GFA/CoveredWalkwayandLinkages,
https://www.ura.gov.sg/Corporate/Guidelines/Development-Control/Non-Residential/B1/Advisory-Notes,
https://www.ura.gov.sg/Corporate/Guidelines/Circulars/dc22-08,
https://www.ura.gov.sg/Corporate/Guidelines/Home-Business/Home-Office-Scheme/Folder/Permitted-Non-Permitted-Businesses,
https://www.ura.gov.sg/Corporate/About-Us/Who-We-Are,
https://www.ura.gov.sg/Corporate/Guidelines/Urban-Design,
https://www.ura.gov.sg/Corporate/Guidelines/Development-Control/Residential/Terrace/Advisory-Notes,
https://www.ura.gov.sg/Corporate/Guidelines/Development-Control/Non-Residential/Commercial/Building-Setback,
https://www.ura.gov.sg/Corporate/Guidelines/Development-Control/DC-Connect/Co-living-spaces,
https://www.ura.gov.sg/Corporate/Guidelines/Development-Control/Residential/Flats-Condominiums/Serviced-Apartments,
https://www.ura.gov.sg/Corporate/Guidelines/Development-Control/Non-Residential/SR/Greenery,
https://www.ura.gov.sg/Corporate/Guidelines/Development-Control/Non-Residential/B1/Introduction,
https://www.ura.gov.sg/Corporate/Car-Parks/Parking-Offences,
https://www.ura.gov.sg/Corporate/Guidelines/Conservation/Additions-Alterations,
https://www.ura.gov.sg/Corporate/Guidelines/Development-Control/Residential/Bungalows/Advisory-Notes,
https://www.ura.gov.sg/Corporate/Property/Property-Data/Data-Release-Calendar,
https://www.ura.gov.sg/Corporate/Planning/Master-Plan/Master-Plan-2019/Urban-Transformations/Woodlands-Regional-Centre,
https://www.ura.gov.sg/Corporate/Planning/Master-Plan/Master-Plan-2019/Regional-Highlights/Central-Region,
https://www.ura.gov.sg/Corporate/Planning/Master-Plan/Draft-Master-Plan-2025/My-City-My-Home-Exhibition?utm_source=pr&utm_medium=text&utm_campaign=mycitymyhomepr&utm_term=&utm_content=&utm_id=dmp,
https://www.ura.gov.sg/Corporate/Planning/Master-Plan/Master-Plan-2019/Themes,
https://www.ura.gov.sg/Corporate/Guidelines/Development-Control/DC-Connect/Clarifications-landed-housing-guidelines,
https://www.ura.gov.sg/Corporate/Guidelines/Development-Control/Planning-Permission/Folder/Forms,
https://www.ura.gov.sg/Corporate/Event/DMP2025,
https://www.ura.gov.sg/Corporate/Guidelines/Development-Control/Non-Residential/Commercial/Comm-Resi,
https://www.ura.gov.sg/Corporate/Media-Room,
https://www.ura.gov.sg/Corporate/Guidelines/Development-Control/Planning-Permission/using-CORENET-eSS/Submission-requirements,
https://www.ura.gov.sg/Corporate/Get-Involved/Plan-Our-Future-SG/Innovative-Urban-Solutions/Heat-resilient-city,
https://www.ura.gov.sg/Corporate/Guidelines/Circulars/dc23-03,
https://www.ura.gov.sg/Corporate/Property/Business/Change-Use-Lodgment,
https://www.ura.gov.sg/Corporate/Guidelines/Development-Control/Residential/Semi-Detached-Houses/Advisory-Notes,
https://www.ura.gov.sg/Corporate/Guidelines/Development-Control/Residential/Flats-Condominiums/Bonus-GFA,
https://www.ura.gov.sg/Corporate/Guidelines/Development-Control/Non-Residential/B2/Advisory-Notes,
https://www.ura.gov.sg/Corporate/Planning/Master-Plan/Master-Plan-2019/Regional-Highlights/North-Region,
https://www.ura.gov.sg/Corporate/Resources/Publications,
https://www.ura.gov.sg/Corporate/Get-Involved/Shape-A-Distinctive-City/Explore-Our-City/Marina-Bay,
https://www.ura.gov.sg/Corporate/Guidelines/Development-Control/gross-floor-area/GFA/MechanicalandElectricalMESpaces,
https://www.ura.gov.sg/Corporate/Property/Conserved-Buildings,
https://www.ura.gov.sg/Corporate/Guidelines/Conservation/Conservation-Guidelines/Part-2-Planning-Parameters-and-Restoration-Guidelines/Historic-Districts_1,
https://www.ura.gov.sg/Corporate/Car-Parks/Short-Term-Parking/Parking-coupons,
https://www.ura.gov.sg/Corporate/Guidelines/Home-Business,
https://www.ura.gov.sg/Corporate/Subscription,
https://www.ura.gov.sg/Corporate/Property/Residential/Renovating-private-residential-property,
https://www.ura.gov.sg/Corporate/Planning/Master-Plan/Master-Plan-2019/Urban-Transformations/Kallang-River,
https://www.ura.gov.sg/Corporate/Planning/Long-Term-Plan-Review/Past-Long-Term-Plans,
https://www.ura.gov.sg/Corporate/Guidelines/Development-Control/Residential/Semi-Detached-Houses/Setbacks-from-boundaries,
https://www.ura.gov.sg/Corporate/Planning/Long-Term-Plan-Review/Space-for-Our-Dreams-Exhibition,
https://www.ura.gov.sg/Corporate/Guidelines/Development-Control/Non-Residential/B2/Introduction,
https://www.ura.gov.sg/Corporate/Guidelines/Development-Control/gross-floor-area/GFA/Ledges,
https://www.ura.gov.sg/Corporate/Guidelines/Development-Control/gross-floor-area/GFA/CarParkMotorcycleParksandRelatedFacilities,
https://www.ura.gov.sg/Corporate/Guidelines/Development-Control/Residential/Flats-Condominiums/Serviced-Apartments-SA2,
https://www.ura.gov.sg/Corporate/Guidelines/Conservation,
https://www.ura.gov.sg/Corporate/Planning/Our-Planning-Process/Digitalisation,
https://www.ura.gov.sg/Corporate/Guidelines/Development-Control/Planning-Permission/Extend-Planning-Permission,
https://www.ura.gov.sg/Corporate/Get-Involved/Enliven-Public-Spaces/Shaping-Public-Spaces,
https://www.ura.gov.sg/Corporate/Guidelines/Development-Control/Residential/Terrace/Introduction,
https://www.ura.gov.sg/Corporate/Guidelines/Development-Control/DC-Connect/Annotate-Proposal-Plan,
https://www.ura.gov.sg/Corporate/Guidelines/Home-Business/Home-Office-Scheme/Folder/Conditions-of-Use,
https://www.ura.gov.sg/Corporate/Resources/Ideas-and-Trends,
https://www.ura.gov.sg/Corporate/Guidelines/Conservation/Conservation-Guidelines/Part-2-Planning-Parameters-and-Restoration-Guidelines/Secondary-Settlement,
https://www.ura.gov.sg/Corporate/Get-Involved/Conserve-Built-Heritage/Explore-Our-Built-Heritage/The-Shophouse,
https://www.ura.gov.sg/Corporate/Planning/Master-Plan/Master-Plan-2019/Introduction,
https://www.ura.gov.sg/Corporate/Careers,
https://www.ura.gov.sg/Corporate/Land-Sales/Sites-For-Application/Woodlands-Avenue-2,
https://www.ura.gov.sg/Corporate/Guidelines/Development-Control/Planning-Permission/using-CORENET-eSS/submission-checklist,
https://www.ura.gov.sg/Corporate/Guidelines/Development-Control/Non-Residential/C-CI/WD,
https://www.ura.gov.sg/Corporate/Guidelines/Development-Control/Residential/Bungalows/Setbacks-from-boundaries,
https://www.ura.gov.sg/Corporate/Car-Parks/Parking-Offences/Court-Summons,
https://www.ura.gov.sg/Corporate/Guidelines/Circulars/dc16-04,
https://www.ura.gov.sg/Corporate/Guidelines/Development-Control/Residential/Terrace/Plot-Size-Width,
https://www.ura.gov.sg/Corporate/Subscription.aspx,
https://www.ura.gov.sg/Corporate/Get-Involved/Plan-Our-Future-SG/Innovative-Urban-Solutions/Urban-Farming,
https://www.ura.gov.sg/Corporate/Media-Room/Media-Releases/pr19-05,
https://www.ura.gov.sg/Corporate/Guidelines/Development-Control/Non-Residential/Commercial/GFA-Incentive-Schemes,
https://www.ura.gov.sg/Corporate/Media-Room/Media-Releases/pr18-04,
https://www.ura.gov.sg/Corporate/Land-Sales/Land-Sale-Procedure,
https://www.ura.gov.sg/Corporate/Media-Room/Media-Releases/pr19-19,
https://www.ura.gov.sg/Corporate/Media-Room/Media-Releases/pr18-48,
https://www.ura.gov.sg/Corporate/Media-Room/Media-Releases/pr18-26,
https://www.ura.gov.sg/Corporate/Media-Room/Media-Releases/pr18-63,
https://www.ura.gov.sg/Corporate/Media-Room/Media-Releases/pr19-32,
https://www.ura.gov.sg/Corporate/Media-Room/Media-Releases/pr19-47,
https://www.ura.gov.sg/Corporate/Car-Parks/Season-Parking/Terminate,
https://www.ura.gov.sg/Corporate/Guidelines/Development-Control/Residential/Bungalows/Redeveloping,
https://www.ura.gov.sg/Corporate/Guidelines/Development-Control/gross-floor-area/GFA/Staircases,
https://www.ura.gov.sg/Corporate/Get-Involved/Conserve-Built-Heritage/Explore-Our-Built-Heritage/Conservation-Areas,
https://www.ura.gov.sg/Corporate/Media-Room/Media-Releases/pr23-19,
https://www.ura.gov.sg/Corporate/Car-Parks/Parking-Offences/Appeals,
https://www.ura.gov.sg/Corporate/Careers/Our-Colleagues,
https://www.ura.gov.sg/Corporate/Singapore-City-Gallery/Programmes,
https://www.ura.gov.sg/Corporate/Guidelines/Development-Control/Non-Residential/Business-Park/Use-Quantum,
https://www.ura.gov.sg/Corporate/Guidelines/Development-Control/Residential/Bungalows/Plot-Size-Width,
https://www.ura.gov.sg/Corporate/Guidelines/Development-Control/Residential/Flats-Condominiums/Introduction,
https://www.ura.gov.sg/Corporate/Guidelines/Development-Control/Residential/Semi-Detached-Houses/Plot-Size-Width,
https://www.ura.gov.sg/Corporate/Get-Involved,
https://www.ura.gov.sg/Corporate/Guidelines/Development-Control/gross-floor-area/GFA/Balconies,
https://www.ura.gov.sg/Corporate/Media-Room/Media-Releases/pr23-48,
https://www.ura.gov.sg/Corporate/Get-Involved/Shape-A-Distinctive-City/Explore-Our-City/Marina-Bay/Event-Application,
https://www.ura.gov.sg/Corporate/Guidelines/Conservation/Conservation-Guidelines/Part-1-Overview/Understanding-The-Shophouse,
https://www.ura.gov.sg/Corporate/Guidelines/Development-Control/gross-floor-area/GFA/Privately-OwnedPublicSpacesPOPS,
https://www.ura.gov.sg/Corporate/Guidelines/Development-Control/Residential/Terrace/Retaining-Walls,
https://www.ura.gov.sg/Corporate/Guidelines/Circulars/dc16-14,
https://www.ura.gov.sg/Corporate/Guidelines/Development-Control/Residential/Bungalows/Site-Coverage,
https://www.ura.gov.sg/Corporate/Land-Sales/Sites-For-Tender/Jurong-lake-district,
https://www.ura.gov.sg/Corporate/Land-Sales/Sites-For-Tender/Upp-Thomson-Rd-PA,
https://www.ura.gov.sg/Corporate/Guidelines/Development-Control/gross-floor-area/GFA/SkyTerraces,
https://www.ura.gov.sg/Corporate/Car-Parks/Short-Term-Parking/Parkingsg-Mobile-Application,
https://www.ura.gov.sg/Corporate/Guidelines/Development-Control/Non-Residential/Commercial/Building-Height,
https://www.ura.gov.sg/Corporate/Property/Residential/Renovating-private-residential-property/landed-housing-e-advisor,
https://www.ura.gov.sg/Corporate/Facilities-Rental,
https://www.ura.gov.sg/Corporate/Guidelines/Development-Control/Non-Residential/Business-Park/Introduction,
https://www.ura.gov.sg/Corporate/Property/Business/Renewal-of-Use,
https://www.ura.gov.sg/Corporate/Media-Room/Media-Releases/pr23-49,
https://www.ura.gov.sg/Corporate/Guidelines/Circulars/dc09-21,
https://www.ura.gov.sg/Corporate/Guidelines/Development-Control/Residential/Terrace/EC,
https://www.ura.gov.sg/Corporate/Guidelines/Circulars/dc19-03,
https://www.ura.gov.sg/Corporate/Planning/Long-Term-Plan-Review/Space-for-Our-Dreams-Exhibition/Overview,
https://www.ura.gov.sg/Corporate/Careers/Career-with-URA,
https://www.ura.gov.sg/Corporate/Guidelines/Development-Control/Planning-Permission/Outline-Application,
https://www.ura.gov.sg/Corporate/Land-Sales/FAQ/General-Land-Sales,
https://www.ura.gov.sg/Corporate/Planning/Master-Plan/Master-Plan-2019/Urban-Transformations/Changi-Region,
https://www.ura.gov.sg/Corporate/Media-Room/Media-Releases/pr24-06,
https://www.ura.gov.sg/Corporate/Get-Involved/Go-Car-Lite/Car-free-zones,
https://www.ura.gov.sg/Corporate/Land-Sales/Sites-For-Application,
https://www.ura.gov.sg/Corporate/Guidelines/Development-Control/Residential/Terrace/Additions-Alterations,
https://www.ura.gov.sg/Corporate/E-Services/Car-Parks/e-services-listing/Parking-offence,
https://www.ura.gov.sg/Corporate/E-Services/Conservation,
https://www.ura.gov.sg/Corporate/Property/Residential/Renovating-private-residential-property/Land-titled-residential,
https://www.ura.gov.sg/corporate/page-not-found.aspx,
https://www.ura.gov.sg/Corporate/Guidelines/Circulars/dc20-07,
https://www.ura.gov.sg/Corporate/Car-Parks/Short-Term-Parking,
https://www.ura.gov.sg/Corporate/Guidelines/Development-Control/Residential/Flats-Condominiums/Site-Area,
https://www.ura.gov.sg/Corporate/Guidelines/Development-Control/Non-Residential/Commercial/UD,
https://www.ura.gov.sg/Corporate/Get-Involved/Plan-Our-Future-SG/Innovative-Urban-Solutions/Underground-space,
https://www.ura.gov.sg/Corporate/Guidelines/Developers/Anti-Money-Laundering,
https://www.ura.gov.sg/Corporate/Planning/Long-Term-Plan-Review/Space-for-Our-Dreams-Exhibition/PLAB-Next-Flight,
https://www.ura.gov.sg/Corporate/Careers/Opportunities-for-Students/Scholarship.aspx,
https://www.ura.gov.sg/Corporate/Careers/Opportunities-for-Students/Internship.aspx,
https://www.ura.gov.sg/Corporate/Guidelines/Conservation/Additions-Alterations/Types-Works,
https://www.ura.gov.sg/Corporate/Property/Residential/Renovating-private-residential-property/Strata-titled-residential,
https://www.ura.gov.sg/Corporate/Planning/Master-Plan/Master-Plan-2019/Urban-Transformations/Rail-Corridor,
https://www.ura.gov.sg/Corporate/Data/Resources/Publications/Annual-Reports/Web-AR/Annual_Report_2022-2023,
https://www.ura.gov.sg/Corporate/Guidelines/Development-Control/gross-floor-area/GFA/RoofEavesandBuildingProjections,
https://www.ura.gov.sg/Corporate/Guidelines/Developers/Non-Residential-Developers,
https://www.ura.gov.sg/Corporate/About-Us/Annual-Reports,
https://www.ura.gov.sg/Corporate/Guidelines/Development-Control/Non-Residential/Commercial/Parking,
https://www.ura.gov.sg/Corporate/Guidelines/Development-Control/gross-floor-area/GFA/BicycleParkingSpacesandEnd-of-TripFacilities,
https://www.ura.gov.sg/Corporate/Guidelines/Development-Control/Residential/Semi-Detached-Houses/Redeveloping,
https://www.ura.gov.sg/Corporate/Media-Room/Media-Releases/pr24-10,
https://www.ura.gov.sg/Corporate/Guidelines/Circulars/dc22-03,
https://www.ura.gov.sg/Corporate/Guidelines/Development-Control/Planning-Permission/Folder/DC-Charge-Rates/Example-Scenario-Calculating-DC,
https://www.ura.gov.sg/Corporate/Guidelines/Circulars/dc17-06,
https://www.ura.gov.sg/Corporate/Guidelines/Development-Control/Non-Residential/Hotel/Advisory-Notes,
https://www.ura.gov.sg/Corporate/E-Services/One-Stop-Developers-Portal,
https://www.ura.gov.sg/Corporate/Guidelines/Development-Control/Non-Residential/Commercial/Residential-1st,
https://www.ura.gov.sg/Corporate/Terms-Conditions,
https://www.ura.gov.sg/Corporate/Guidelines/Development-Control/Non-Residential/B1/Use-Quantum,
https://www.ura.gov.sg/Corporate/Planning/Long-Term-Plan-Review/Space-for-Our-Dreams-Exhibition/Play/More-Recreation,
https://www.ura.gov.sg/Corporate/Guidelines/Development-Control/Residential/Bungalows/Introduction,
https://www.ura.gov.sg/Corporate/Get-Involved/Plan-Our-Future-SG/Innovative-Urban-Solutions/Age-friendly-city,
https://www.ura.gov.sg/Corporate/Guidelines/Developers/Housing-Developers-Control-Licensing-Act,
https://www.ura.gov.sg/Corporate/Guidelines/Development-Control/Residential/Flats-Condominiums/Gross-Plot-Ratio,
https://www.ura.gov.sg/Corporate/Event,
https://www.ura.gov.sg/Corporate/Guidelines/Development-Control/Planning-Permission/Plan-Lodgment-Application,
https://www.ura.gov.sg/Corporate/Singapore-City-Gallery/More-info/FAQs-for-Singapore-City-Gallery,
https://www.ura.gov.sg/Corporate/Event/To-draw-an-idea-Singapore-architecture-collection-exhibition,
https://www.ura.gov.sg/Corporate/Guidelines/Development-Control/Planning-Permission/Plan-Lodgment-Application/Land-Strata,
https://www.ura.gov.sg/Corporate/Guidelines/Development-Control/Residential/Flats-Condominiums/Site-Coverage,
https://www.ura.gov.sg/Corporate/Property/Business/Change-Use-of-Property-for-Business/related/Other-shop-examples,
https://www.ura.gov.sg/Corporate/Guidelines/Development-Control/Non-Residential/C-CI/Introduction,
https://www.ura.gov.sg/Corporate/Guidelines/Circulars/dc22-02,
https://www.ura.gov.sg/Corporate/Guidelines/Circulars/dc22-10,
https://www.ura.gov.sg/Corporate/Planning/Long-Term-Plan-Review/Space-for-Our-Dreams-Exhibition/Cherish/Loveable-City/Identity-Corridors,
https://www.ura.gov.sg/Corporate/Guidelines/Development-Control/Planning-Permission/Folder/Others/Fees/Fees-Schedule,
https://www.ura.gov.sg/Corporate/Careers/Opportunities-for-Students,
https://www.ura.gov.sg/Corporate/Guidelines/Development-Control/Planning-Permission/Folder/Check-Status,
https://www.ura.gov.sg/Corporate/Guidelines/Development-Control/gross-floor-area/GFA/OutdoorRefreshmentAreas,
https://www.ura.gov.sg/Corporate/Guidelines/Development-Control/Residential/Semi-Detached-Houses/Introduction,
https://www.ura.gov.sg/Corporate/Guidelines/Circulars/dc12-07,
https://www.ura.gov.sg/Corporate/Guidelines/Development-Control/gross-floor-area/GFA/Floors,
https://www.ura.gov.sg/Corporate/Media-Room/Media-Releases/pr24-07,
https://www.ura.gov.sg/Corporate/Guidelines/Development-Control/Non-Residential/Commercial/Greenery,
https://www.ura.gov.sg/Corporate/Planning/Long-Term-Plan-Review/Space-for-Our-Dreams-Exhibition/Live/Inclusive-and-Close-Knit-Towns,
https://www.ura.gov.sg/Corporate/Planning/Long-Term-Plan-Review/Space-for-Our-Dreams-Exhibition/Steward/Multi-Functional-Green-and-Blue,
https://www.ura.gov.sg/Corporate/Guidelines/Development-Control/gross-floor-area/GFA/CoveredEnclosedSpace,
https://www.ura.gov.sg/Corporate/Media-Room/Media-Releases/pr24-08,
https://www.ura.gov.sg/Corporate/Guidelines/Development-Control/Non-Residential/C-CI/Advisory-Notes,
https://www.ura.gov.sg/Corporate/Land-Sales/Sites-For-Tender/holland-drive-feb24,
https://www.ura.gov.sg/Corporate/Guidelines/Development-Control/Non-Residential/Business-Park/Advisory-Notes,
https://www.ura.gov.sg/Corporate/Guidelines/Development-Control/Residential/Strata-Landed-Housing/Introduction,
https://www.ura.gov.sg/Corporate/Guidelines/Developers,
https://www.ura.gov.sg/Corporate/Guidelines/Development-Control/Residential/Strata-Landed-Housing/Advisory-Notes,
https://www.ura.gov.sg/Corporate/Guidelines/Development-Control/Residential/Terrace/Building-Appendages,
https://www.ura.gov.sg/Corporate/Guidelines/Circulars/dc19-04,
https://www.ura.gov.sg/Corporate/Guidelines/Development-Control/gross-floor-area/GFA/PlanterBoxes,
https://www.ura.gov.sg/Corporate/Planning/Long-Term-Plan-Review/Public-Engagement-Journey/Art-Competition,
https://www.ura.gov.sg/Corporate/Guidelines/Urban-Design/Jurong-Gateway,
https://www.ura.gov.sg/Corporate/Get-Involved/Plan-Our-Future-SG,
https://www.ura.gov.sg/Corporate/Planning/Master-Plan/Master-Plan-2019/Regional-Highlights/Central-Area/Downtown,
https://www.ura.gov.sg/Corporate/Guidelines/Urban-Design/Marina-South,
https://www.ura.gov.sg/Corporate/Property/Business/Change-Use-of-Property-for-Business/related/Commercial-spaces-religious-purposes,
https://www.ura.gov.sg/Corporate/Guidelines/Development-Control/gross-floor-area/GFA/CommunalRoofTerrace,
https://www.ura.gov.sg/Corporate/Car-Parks/Season-Parking/FAQs-Season-parking,
https://www.ura.gov.sg/Corporate/Media-Room/Media-Releases/pr24-01,
https://www.ura.gov.sg/Corporate/Get-Involved/Go-Car-Lite,
https://www.ura.gov.sg/Corporate/Land-Sales/Sites-For-Tender/Zion-Rd-PA,
https://www.ura.gov.sg/Corporate/Guidelines/Development-Control/Planning-Permission/Folder/Renew-Temporary-Permission-Application,
https://www.ura.gov.sg/Corporate/Guidelines/Development-Control/Residential/Bungalows/Locational-Criteria,
https://www.ura.gov.sg/Corporate/Guidelines/Development-Control/Non-Residential/EI/Advisory-Notes,
https://www.ura.gov.sg/Corporate/Guidelines/Development-Control/gross-floor-area/GFA/LiftShaft,
https://www.ura.gov.sg/Corporate/Guidelines/Conservation/Use-of-Buildings-in-Conservation-Areas,
https://www.ura.gov.sg/Corporate/About-Us/Who-We-Are/Board-Members,
https://www.ura.gov.sg/Corporate/Guidelines/Development-Control/gross-floor-area/GFA/CoveredCommunalGroundGardens,
https://www.ura.gov.sg/Corporate/Guidelines/Circulars/dc20-01,
https://www.ura.gov.sg/Corporate/Media-Room/Media-Releases/pr23-40,
https://www.ura.gov.sg/Corporate/Guidelines/Street-and-Building-Names/Service-Has-Moved,
https://www.ura.gov.sg/Corporate/Guidelines/Urban-Design/Orchard,
https://www.ura.gov.sg/Corporate/Guidelines/Circulars/COH20-03,
https://www.ura.gov.sg/Corporate/Guidelines/Development-Control/Residential/Bungalows/AA-Landed-Housing,
https://www.ura.gov.sg/Corporate/Resources/Courses,
https://www.ura.gov.sg/Corporate/Guidelines/Circulars/dc23-11,
https://www.ura.gov.sg/Corporate/Planning/Master-Plan/Master-Plan-2019/Regional-Highlights/Central-Area,
https://www.ura.gov.sg/Corporate/Guidelines/Developers/COVID-19-Relief-Measures,
https://www.ura.gov.sg/Corporate/Land-Sales/Current-URA-GLS-Sites/Confirmed-List,
https://www.ura.gov.sg/Corporate/Property/Business/Change-Use-Lodgment/Change-Use-Lodgment/Appendices-Change-Use-Lodgment/Appendices/AppendixA,
https://www.ura.gov.sg/Corporate/Guidelines/Development-Control/gross-floor-area/GFA/Catwalks,
https://www.ura.gov.sg/Corporate/Guidelines/Urban-Design/Singapore-River,
https://www.ura.gov.sg/Corporate/Guidelines/Development-Control/Non-Residential/B1/Building-Height,
https://www.ura.gov.sg/Corporate/Guidelines/Development-Control/Planning-Permission/Folder/DC-Charge-Rates/DC-rates/2022/use-groups-table/u-groups2008mar2022,
https://www.ura.gov.sg/Corporate/E-Services/Car-Parks/e-services-listing/Use-of-parking-lots,
https://www.ura.gov.sg/Corporate/Guidelines/Circulars/dc19-18,
https://www.ura.gov.sg/Corporate/Guidelines/Development-Control/Non-Residential/Commercial/Covered-Walkways,
https://www.ura.gov.sg/Corporate/Guidelines/Circulars/dc21-04,
https://www.ura.gov.sg/Corporate/Get-Involved/Shape-A-Distinctive-City/Explore-Our-City/Marina-Bay.aspx,
https://www.ura.gov.sg/Corporate/Guidelines/Circulars/dc14-28,
https://www.ura.gov.sg/Corporate/Media-Room/Media-Releases/pr24-05,
https://www.ura.gov.sg/Corporate/Land-Sales/Sites-For-Application/Zion-Rd-PB,
https://www.ura.gov.sg/Corporate/Guidelines/Circulars/dc14-24,
https://www.ura.gov.sg/Corporate/Guidelines/Development-Control/Non-Residential/Commercial/Introduction,
https://www.ura.gov.sg/Corporate/Planning/Master-Plan/Master-Plan-2019/Regional-Highlights/Central-Area/Orchard-Road,
https://www.ura.gov.sg/Corporate/Planning/Long-Term-Plan-Review/Space-for-Our-Dreams-Exhibition/Sustain/Climate-Resilient-Infrastructure,
https://www.ura.gov.sg/Corporate/Guidelines/Development-Control/gross-floor-area/GFA/Pavilions,
https://www.ura.gov.sg/Corporate/Guidelines/Development-Control/Non-Residential/Commercial/SDCP,
https://www.ura.gov.sg/Corporate/E-Services/Car-Parks/e-services-listing/vehicle-parking-certificate,
https://www.ura.gov.sg/Corporate/Planning/Long-Term-Plan-Review/Space-for-Our-Dreams-Exhibition/Steward/Green-and-Blue,
https://www.ura.gov.sg/Corporate/Guidelines/Urban-Design/Punggol-Digital-District,
https://www.ura.gov.sg/Corporate/Property/Business/Change-Use-Lodgment/LodgmentSchemeCB,
https://www.ura.gov.sg/Corporate/Guidelines/Development-Control/Residential/Flats-Condominiums/Greenery,
https://www.ura.gov.sg/Corporate/Guidelines/Development-Control/gross-floor-area/GFA/EntranceCanopy,
https://www.ura.gov.sg/Corporate/Guidelines/Development-Control/Non-Residential/B1/Setback,
https://www.ura.gov.sg/Corporate/Singapore-City-Gallery/Key-Highlights-details/SmartNation-Cityscape-details,
https://www.ura.gov.sg/Corporate/Guidelines/Development-Control/Non-Residential/B1/GPR,
https://www.ura.gov.sg/Corporate/Singapore-City-Gallery/Programmes/Resources/Questeon,
https://www.ura.gov.sg/Corporate/Property/Residential/Renovating-private-residential-property/landed-housing-e-advisor/terrace-houses,
https://www.ura.gov.sg/Corporate/Guidelines/Development-Control/Non-Residential/Commercial/Gross-Plot-Ratio,
https://www.ura.gov.sg/Corporate/Guidelines/Circulars/dc23-07,
https://www.ura.gov.sg/Corporate/Planning/Long-Term-Plan-Review/Space-for-Our-Dreams-Exhibition/Live/More-Homes,
https://www.ura.gov.sg/Corporate/Land-Sales/reserve-list-procedures,
https://www.ura.gov.sg/Corporate/Guidelines/Development-Control/gross-floor-area/GFA/BayWindows,
https://www.ura.gov.sg/Corporate/Guidelines/Conservation/Best-Practices,
https://www.ura.gov.sg/Corporate/Media-Room/Media-Releases/pr17-44,
https://www.ura.gov.sg/Corporate/Guidelines/Conservation/Conservation-Guidelines/Part-1-Overview/CONSERVATION-PRINCIPLES,
https://www.ura.gov.sg/Corporate/Guidelines/Conservation/Conservation-Guidelines/Part-4-Signage-Guidelines/Signs-in-Conservation-Areas,
https://www.ura.gov.sg/Corporate/Guidelines/Development-Control/Residential/Semi-Detached-Houses/Additions-Alterations,
https://www.ura.gov.sg/Corporate/Media-Room/Media-Releases/pr24-09,
https://www.ura.gov.sg/Corporate/Get-Involved/Shape-A-Distinctive-City/Placemaking-and-Partnership,
https://www.ura.gov.sg/Corporate/Guidelines/Development-Control/Residential/Flats-Condominiums/Building-Length,
https://www.ura.gov.sg/Corporate/Guidelines/Development-Control/Non-Residential/B2/Use-Quantum,
https://www.ura.gov.sg/Corporate/Planning/Master-Plan/Master-Plan-2019/Urban-Transformations/Greater-Rustic-Coast,
https://www.ura.gov.sg/Corporate/Guidelines/Conservation/Conservation-Principles,
https://www.ura.gov.sg/Corporate/Resources/Publications/Skyline/Skyline-issue14/Age-friendly-neighbourhoods,
https://www.ura.gov.sg/Corporate/land-sales/sites-for-application.aspx,
https://www.ura.gov.sg/Corporate/Get-Involved/Shape-A-Distinctive-City/Explore-Our-City/Rail-Corridor,
https://www.ura.gov.sg/Corporate/Guidelines/Development-Control/Non-Residential/HMC/Advisory-Notes,
https://www.ura.gov.sg/Corporate/Guidelines/Development-Control/Non-Residential/Commercial/Retail-Units,
https://www.ura.gov.sg/Corporate/Get-Involved/Conserve-Built-Heritage/Architectural-Heritage-Awards,
https://www.ura.gov.sg/Corporate/Guidelines/Developers/COVID-19-Relief-Measures/Guide-for-Purchasers,
https://www.ura.gov.sg/Corporate/Property/Property-Data/definition-of-data-terms,
https://www.ura.gov.sg/Corporate/Guidelines/Circulars/dc14-23,
https://www.ura.gov.sg/Corporate/Car-Parks/Vehicle-Parking-Certificate/FAQs-Heavy-Vehicle,
https://www.ura.gov.sg/Corporate/Planning/Our-Planning-Process/Bringing-plans-to-Reality/Heritage-Impact-Assessment,
https://www.ura.gov.sg/Corporate/Guidelines/Development-Control/Residential/Terrace/Locational-Criteria,
https://www.ura.gov.sg/Corporate/Guidelines/Development-Control/Non-Residential/B2/Setback,
https://www.ura.gov.sg/Corporate/Car-Parks/Season-Parking/Apply.aspx,
https://www.ura.gov.sg/Corporate/Guidelines/Circulars/dc22-01,
https://www.ura.gov.sg/Corporate/Guidelines/Circulars/dc18-03,
https://www.ura.gov.sg/Corporate/Guidelines/Development-Control/Residential/Flats-Condominiums/Landscape-Deck,
https://www.ura.gov.sg/Corporate/Guidelines/Development-Control/Non-Residential/SR/Advisory-Notes,
https://www.ura.gov.sg/Corporate/Guidelines/Development-Control/gross-floor-area/GFA/BasementDiaphragmWalls,
https://www.ura.gov.sg/Corporate/Guidelines/Development-Control/DC-Connect,
https://www.ura.gov.sg/Corporate/Guidelines/Development-Control/Residential/Terrace/Redeveloping,
https://www.ura.gov.sg/Corporate/Guidelines/Development-Control/gross-floor-area/GFA/PrivateEnclosedSpacesPES,
https://www.ura.gov.sg/Corporate/Guidelines/Development-Control/gross-floor-area/GFA/CableChambers,
https://www.ura.gov.sg/Corporate/Guidelines/Development-Control/Planning-Permission/Folder/DC-Charge-Rates/DC-rates/2022/rates-table/dc-rates2203,
https://www.ura.gov.sg/Corporate/Guidelines/Development-Control/Planning-Permission/Plan-Lodgment-Application/Warehouse-Workers-dormitory,
https://www.ura.gov.sg/Corporate/Get-Involved/Shape-A-Distinctive-City/Promoting-Good-Design/Our-Programmes-details/Exhibitions-and-Events,
https://www.ura.gov.sg/Corporate/Property/Business/Change-Use-of-Property-for-Business/related/Authorised-conditions-childcare,
https://www.ura.gov.sg/Corporate/Property/Residential/Renovating-private-residential-property/Land-titled-residential/Landed-Residential-Works/Prevailing-Planning-Controls,
https://www.ura.gov.sg/Corporate/Guidelines/Conservation/Conservation-Guidelines/Part-2-Planning-Parameters-and-Restoration-Guidelines/Bungalows,
https://www.ura.gov.sg/Corporate/Guidelines/Circulars/dc19-16,
https://www.ura.gov.sg/Corporate/Planning/Long-Term-Plan-Review/Space-for-Our-Dreams-Exhibition/Work,
https://www.ura.gov.sg/Corporate/Guidelines/Development-Control/Non-Residential/Transport/Advisory-Notes,
https://www.ura.gov.sg/Corporate/Guidelines/Development-Control/Residential/Flats-Condominiums/Parking,
https://www.ura.gov.sg/Corporate/Guidelines/Development-Control/Non-Residential/EI/Students-Hostel,
https://www.ura.gov.sg/Corporate/Guidelines/Development-Control/gross-floor-area/GFA/PrivateRoofTerraces,
https://www.ura.gov.sg/Corporate/Guidelines/Circulars/dc09-09,
https://www.ura.gov.sg/Corporate/Planning/Long-Term-Plan-Review/Space-for-Our-Dreams-Exhibition/Move/Comprehensive-Mobility-Network,
https://www.ura.gov.sg/Corporate/Guidelines/Conservation/Conservation-Guidelines/Part-1-Overview/Adaptive-Reuse-Of-Shophouses,
https://www.ura.gov.sg/Corporate/Guidelines/Circulars/dc17-07,
https://www.ura.gov.sg/Corporate/Guidelines/Urban-Design/Paya-Lebar-Central,
https://www.ura.gov.sg/Corporate/Guidelines/Development-Control/Non-Residential/B1/Ancillary-Structures,
https://www.ura.gov.sg/Corporate/Guidelines/Circulars/dc18-06,
https://www.ura.gov.sg/Corporate/Guidelines/Urban-Design/Marina-East-Straits-View,
https://www.ura.gov.sg/Corporate/Land-Sales/Sites-For-Application/PunggolWalk,
https://www.ura.gov.sg/Corporate/Data/forms/dc-22,
https://www.ura.gov.sg/Corporate/Guidelines/Circulars/dc15-02,
https://www.ura.gov.sg/Corporate/Property/Business/Change-Use-of-Property-for-Business/related/Authorised-conditions-shop,
https://www.ura.gov.sg/Corporate/Guidelines/Development-Control/Residential/Flats-Condominiums/Earthworks,
https://www.ura.gov.sg/Corporate/Property/Residential/Renovating-private-residential-property/landed-housing-e-advisor/terrace-houses/exterior3/PlanterBox3,
https://www.ura.gov.sg/Corporate/Planning/Our-Planning-Process/Bringing-plans-to-Reality,
https://www.ura.gov.sg/Corporate/Facilities-Rental/Rooms,
https://www.ura.gov.sg/Corporate/Guidelines/Circulars/dc93-18,
https://www.ura.gov.sg/Corporate/Event/LPF-at-KG,
https://www.ura.gov.sg/Corporate/Land-Sales/Sites-For-Application/river-valley,
https://www.ura.gov.sg/Corporate/Guidelines/Development-Control/Non-Residential/Hotel/Introduction,
https://www.ura.gov.sg/Corporate/Get-Involved/Conserve-Built-Heritage,
https://www.ura.gov.sg/Corporate/Guidelines/Development-Control/gross-floor-area/GFA/RackingSystemsforStoragePurposes,
https://www.ura.gov.sg/Corporate/Guidelines/Development-Control/gross-floor-area/GFA/OpenCourtyardsandAirWells,
https://www.ura.gov.sg/Corporate/Property/Residential/Proposed-Amendments-to-Housing-Developers-Rules,
https://www.ura.gov.sg/Corporate/Singapore-City-Gallery/Key-Highlights-details/How-our-city-works-details,
https://www.ura.gov.sg/Corporate/Guidelines/Development-Control/gross-floor-area/GFA/WallsandColumns,
https://www.ura.gov.sg/Corporate/Facilities-Rental/Hall,
https://www.ura.gov.sg/Corporate/Guidelines/Circulars/dc23-08,
https://www.ura.gov.sg/Corporate/Resources/Ideas-and-Trends/Looking-inside,
https://www.ura.gov.sg/Corporate/Planning/Master-Plan/Master-Plan-2019/Regional-Highlights/Central-Area/Orchard-Road/The-Lifestyle-Destination,
https://www.ura.gov.sg/Corporate/Guidelines/Development-Control/gross-floor-area/GFA/AutomatedTellerMachineandVendingMachineKiosks,
https://www.ura.gov.sg/Corporate/Guidelines/Development-Control/Residential/Flats-Condominiums/Attic,
https://www.ura.gov.sg/Corporate/Media-Room/Media-Releases/pr23-29,
https://www.ura.gov.sg/Corporate/Guidelines/Development-Control/Non-Residential/EI/Setback,
https://www.ura.gov.sg/Corporate/Planning/Long-Term-Plan-Review/Space-for-Our-Dreams-Exhibition/Live,
https://www.ura.gov.sg/Corporate/Guidelines/Circulars/dc23-06,
https://www.ura.gov.sg/Corporate/Guidelines/Circulars/dc22-07,
https://www.ura.gov.sg/Corporate/Property/Residential/Renovating-private-residential-property/landed-housing-e-advisor/semi-detached-houses/exterior2/building-envelope,
https://www.ura.gov.sg/Corporate/Get-Involved/Shape-A-Distinctive-City/Explore-Our-City/Marina-Bay/Food-Trucks-Application,
https://www.ura.gov.sg/Corporate/Guidelines/Development-Control/Planning-Permission/Folder/~/link.aspx?_id=DBD8C6FA46024A54AD5904E316330879&_z=z,
https://www.ura.gov.sg/Corporate/Guidelines/Circulars/dc09-08,
https://www.ura.gov.sg/Corporate/Resources/Ideas-and-Trends/Placemaking-more-than-just-events,
https://www.ura.gov.sg/Corporate/Land-Sales/Sites-For-Tender/river-valley-green-A-mar24,
https://www.ura.gov.sg/Corporate/Land-Sales/Sites-For-Tender/media-circle-jun23,
https://www.ura.gov.sg/Corporate/Guidelines/Development-Control/Residential/Semi-Detached-Houses/Retaining-Walls,
https://www.ura.gov.sg/Corporate/Guidelines/Conservation/Additions-Alterations/Process-Category-Works-1-2,
https://www.ura.gov.sg/Corporate/Guidelines/Development-Control/Non-Residential/C-CI/CC,
https://www.ura.gov.sg/Corporate/Guidelines/Development-Control/gross-floor-area/GFA/ServiceDucts,
https://www.ura.gov.sg/Corporate/Guidelines/Development-Control/Residential/Flats-Condominiums/RC-Flat-Roofs,
https://www.ura.gov.sg/Corporate/Guidelines/Developers/Housing-Developers/Housing-Developers/Apply-housing-developer-licence,
https://www.ura.gov.sg/Corporate/Guidelines/Development-Control/Non-Residential/Hotel/Gross-Plot-Ratio,
https://www.ura.gov.sg/Corporate/Singapore-City-Gallery/More-info/Gallery-house-rules,
https://www.ura.gov.sg/Corporate/Guidelines/Development-Control/gross-floor-area/GFA/RefuseChambersandRefuseChutes,
https://www.ura.gov.sg/Corporate/Land-Sales/Sites-For-Tender/Upp-Thomson-Rd-PB,
https://www.ura.gov.sg/Corporate/Planning/Master-Plan/Master-Plan-2019/Themes/Liveable-and-Inclusive-Communities/New-Housing-Concepts,
https://www.ura.gov.sg/Corporate/Car-Parks/Short-Term-Parking/Parking-coupons/Parking-Coupons,
https://www.ura.gov.sg/Corporate/Guidelines/Circulars/dc17-05,
https://www.ura.gov.sg/Corporate/Guidelines/Development-Control/gross-floor-area/GFA/VoidDecks,
https://www.ura.gov.sg/Corporate/Careers/Opportunities-for-Students/Scholarship/Eligibility,
https://www.ura.gov.sg/Corporate/Guidelines/Development-Control/Planning-Permission/Plan-Lodgment-Application/New-Erection-of-Landed-House,
https://www.ura.gov.sg/Corporate/Planning/Long-Term-Plan-Review/Space-for-Our-Dreams-Exhibition/PLAB-Next-Flight/Neighbourly-Distinctive,
https://www.ura.gov.sg/Corporate/Property/Residential/Renovating-private-residential-property/landed-housing-e-advisor/detached-houses/exterior1/PlanterBox1,
https://www.ura.gov.sg/Corporate/Property/Business/Change-Use-Lodgment/Change-Use-Lodgment,
https://www.ura.gov.sg/Corporate/eservice-Have-Moved,
https://www.ura.gov.sg/Corporate/Guidelines/Development-Control/Non-Residential/HMC/Private-Medical-Clinics,
https://www.ura.gov.sg/Corporate/Guidelines/Development-Control/Residential/Terrace/Open-Space-Provision,
https://www.ura.gov.sg/Corporate/Guidelines/Development-Control/gross-floor-area/GFA/MeterCompartments,
https://www.ura.gov.sg/Corporate/Guidelines/Development-Control/gross-floor-area/GFA/HouseholdShelters,
https://www.ura.gov.sg/Corporate/Guidelines/Circulars/dc20-06,
https://www.ura.gov.sg/Corporate/Guidelines/Development-Control/gross-floor-area/GFA/LiftMotorRoom,
https://www.ura.gov.sg/Corporate/Planning/Long-Term-Plan-Review/Space-for-Our-Dreams-Exhibition/Steward/Climate-Resilience-Through-Nature,
https://www.ura.gov.sg/Corporate/Guidelines/Development-Control/Residential/Terrace/SpecialandDetailedControlPlans,
https://www.ura.gov.sg/Corporate/Guidelines/Urban-Design/Museum,
https://www.ura.gov.sg/Corporate/Guidelines/Development-Control/Residential/Bungalows/EC,
https://www.ura.gov.sg/Corporate/Planning/Long-Term-Plan-Review/Space-for-Our-Dreams-Exhibition/Live/Future-Ready-Towns,
https://www.ura.gov.sg/Corporate/Resources/Ideas-and-Trends/Modelling-and-Simulation-Technologies,
https://www.ura.gov.sg/Corporate/Property/Business/Change-Use-Lodgment/Change-Use-Lodgment/Appendices-Change-Use-Lodgment/Appendices/AppendixB,
https://www.ura.gov.sg/Corporate/Guidelines/Development-Control/Residential/Terrace/RC-Flat-Roofs,
https://www.ura.gov.sg/Corporate/Planning/Long-Term-Plan-Review/Space-for-Our-Dreams-Exhibition/Steward,
https://www.ura.gov.sg/Corporate/Property/Business/Change-Use-of-Property-for-Business/related/Criteria-for-Restaurant,
https://www.ura.gov.sg/Corporate/Planning/Master-Plan/Master-Plan-2019/Themes/Liveable-and-Inclusive-Communities/More-Greenery-Play-Spaces,
https://www.ura.gov.sg/Corporate/Guidelines/Development-Control/Planning-Permission/using-CORENET-eSS/epayment,
https://www.ura.gov.sg/Corporate/Guidelines/Development-Control/gross-floor-area/GFA/LoadingandUnloadingBays,
https://www.ura.gov.sg/Corporate/Guidelines/Circulars/dc23-05,
https://www.ura.gov.sg/Corporate/Planning/Long-Term-Plan-Review/Space-for-Our-Dreams-Exhibition/Sustain,
https://www.ura.gov.sg/Corporate/Guidelines/Urban-Design/Newton,
https://www.ura.gov.sg/Corporate/Planning/Long-Term-Plan-Review/Space-for-Our-Dreams-Exhibition/PLAB-Next-Flight/Sustainable-Playful,
https://www.ura.gov.sg/Corporate/Get-Involved/Enliven-Public-Spaces,
https://www.ura.gov.sg/Corporate/Planning/Master-Plan/Master-Plan-2019/Themes/Local-Hubs-Global-Gateways/Strengthening-Economic-Gateways,
https://www.ura.gov.sg/Corporate/Guidelines/Development-Control/Residential/Flats-Condominiums/Strata-Subdivision,
https://www.ura.gov.sg/Corporate/Guidelines/Circulars/dc09-20,
https://www.ura.gov.sg/Corporate/Get-Involved/Shape-A-Distinctive-City/Placemaking-and-Partnership/Business-Improvement-District,
https://www.ura.gov.sg/Corporate/Guidelines/Conservation/Conservation-Guidelines/Part-3-Envelope-Control-Guidelines/Historic-Districts-and-Residential-Historic-Districts/HD-Envelope-Control-Guidelines,
https://www.ura.gov.sg/Corporate/Guidelines/Circulars/dc17-01,
https://www.ura.gov.sg/Corporate/Guidelines/Circulars/dc05_21,
https://www.ura.gov.sg/Corporate/Guidelines/Development-Control/Non-Residential/B2/Ancillary-Structures,
https://www.ura.gov.sg/Corporate/Media-Room/Media-Releases/pr23-43,
https://www.ura.gov.sg/Corporate/Guidelines/Development-Control/Non-Residential/Hotel/Use-Quantum,
https://www.ura.gov.sg/Corporate/Media-Room/Media-Releases/pr23-35,
https://www.ura.gov.sg/Corporate/Guidelines/Development-Control/Residential/Terrace/Earthworks,
https://www.ura.gov.sg/Corporate/Guidelines/Development-Control/DC-Connect/Inter-agency-coordinating-committee,
https://www.ura.gov.sg/Corporate/Planning/Long-Term-Plan-Review/Public-Engagement-Journey,
https://www.ura.gov.sg/Corporate/Guidelines/Development-Control/Residential/Flats-Condominiums/Ancillary-Structures,
https://www.ura.gov.sg/Corporate/Planning/Long-Term-Plan-Review/Space-for-Our-Dreams-Exhibition/Cherish/Loveable-City,
https://www.ura.gov.sg/Corporate/Guidelines/Development-Control/DC-Connect/No-Planning-Permission-Required-BIPV-BAPV,
https://www.ura.gov.sg/Corporate/Planning/Master-Plan/Master-Plan-2019/Themes/A-Sustainable-and-Resilient-City-of-the-Future/Adapting-To-Climate-Change,
https://www.ura.gov.sg/Corporate/Facilities-Rental/Rooms/URA-White-Room,
https://www.ura.gov.sg/Corporate/Guidelines/Development-Control/Residential/Terrace/Access-Points,
https://www.ura.gov.sg/Corporate/Media-Room/Speeches,
https://www.ura.gov.sg/Corporate/Resources/Publications/Books/Book-Details/2015-11_greening_the_vertical_garden_city,
https://www.ura.gov.sg/Corporate/Guidelines/Development-Control/gross-floor-area/GFA/ReinforcedConcreteRCSlabswithinVoids,
https://www.ura.gov.sg/Corporate/Resources/Ideas-and-Trends/In-conversation-with-Nathalie-de-Vries-part-1,
https://www.ura.gov.sg/Corporate/Resources/Publications/Books/Book-Details/Green-loveable-city,
https://www.ura.gov.sg/Corporate/Planning/Master-Plan/Master-Plan-2019/Themes/Liveable-and-Inclusive-Communities,
https://www.ura.gov.sg/Corporate/Media-Room/Media-Releases/pr23-28,
https://www.ura.gov.sg/Corporate/Guidelines/Circulars/dc15-05,
https://www.ura.gov.sg/Corporate/Planning/Long-Term-Plan-Review/Public-Engagement-Journey/Themes/Future-of-Living,
https://www.ura.gov.sg/Corporate/Guidelines/Circulars/dc17-04,
https://www.ura.gov.sg/Corporate/Guidelines/Development-Control/Planning-Permission/Plan-Lodgment-Application/HDB-Developments,
https://www.ura.gov.sg/Corporate/Property/Business/Change-Use-of-Property-for-Business/~/link.aspx?_id=B9D63D421A3846BCAA5F9BBF3C1A8153&_z=z,
https://www.ura.gov.sg/Corporate/Property/Business/Change-Use-Lodgment/Change-Use-Lodgment/Appendices-Change-Use-Lodgment/Appendices/AppendixB1-1,
https://www.ura.gov.sg/Corporate/Guidelines/Development-Control/gross-floor-area/GFA/IndoorRecreationSpaces,
https://www.ura.gov.sg/Corporate/Guidelines/Development-Control/Residential/Bungalows/Retaining-Walls,
https://www.ura.gov.sg/Corporate/Guidelines/Development-Control/Non-Residential/B1/GFA-Incentive-Schemes,
https://www.ura.gov.sg/Corporate/Guidelines/Development-Control/Non-Residential/Commercial/Rooftop,
https://www.ura.gov.sg/Corporate/Guidelines/Development-Control/Related-Matters,
https://www.ura.gov.sg/Corporate/About-Us/Financial-Statements,
https://www.ura.gov.sg/Corporate/Media-Room/Media-Releases/pr23-18,
https://www.ura.gov.sg/Corporate/Property/Business/Change-Use-of-Property-for-Business/related/Criteria-for-Restaurant-and-Bar,
https://www.ura.gov.sg/Corporate/Guidelines/Development-Control/DC-Connect/Geo-Referencing-BIM-Submissions,
https://www.ura.gov.sg/Corporate/Media-Room/Media-Releases/pr23-09,
https://www.ura.gov.sg/Corporate/Guidelines/Circulars/coh23-01,
https://www.ura.gov.sg/Corporate/Guidelines/Circulars/dc21-05,
https://www.ura.gov.sg/Corporate/Guidelines/Circulars/dc23-01,
https://www.ura.gov.sg/Corporate/Guidelines/Conservation/Conservation-Guidelines/Part-2-Planning-Parameters-and-Restoration-Guidelines/Residential-Historic-Districts,
https://www.ura.gov.sg/Corporate/Guidelines/Conservation/Additions-Alterations/Restored-Buildings,
https://www.ura.gov.sg/Corporate/Guidelines/Active-Mobility,
https://www.ura.gov.sg/Corporate/Resources/Ideas-and-Trends/Appreciating-Singapore-architecture-through-new-lens,
https://www.ura.gov.sg/Corporate/Property/Residential/Renovating-private-residential-property/landed-housing-e-advisor/semi-detached-houses/interior2/Mezzanine2,
https://www.ura.gov.sg/Corporate/Media-Room/Media-Releases/pr22-47,
https://www.ura.gov.sg/Corporate/Media-Room/Media-Releases/pr23-21,
https://www.ura.gov.sg/Corporate/Guidelines/Circulars/dc20-02,
https://www.ura.gov.sg/Corporate/Terms-of-Use,
https://www.ura.gov.sg/Corporate/Resources/Ideas-and-Trends/Co-creating-inclusive-spaces,
https://www.ura.gov.sg/Corporate/Guidelines/Development-Control/Residential/Flats-Condominiums/Shops,
https://www.ura.gov.sg/Corporate/Property/Business/Change-Use-Lodgment/Change-Use-Lodgment/Appendices-Change-Use-Lodgment/Appendices/Appendix-C,
https://www.ura.gov.sg/Corporate/Guidelines/Development-Control/Non-Residential/PW/Advisory-Notes,
https://www.ura.gov.sg/Corporate/Resources/Ideas-and-Trends/Unearthing-old-records-opens-new-possibilities,
https://www.ura.gov.sg/Corporate/Planning/Long-Term-Plan-Review/Space-for-Our-Dreams-Exhibition/Sustain/Systems-Level-Planning-Approach,
https://www.ura.gov.sg/Corporate/Guidelines/Circulars/dc23-09,
https://www.ura.gov.sg/Corporate/Singapore-City-Gallery/Key-Highlights-details/Shaping-Singapore-details,
https://www.ura.gov.sg/Corporate/Planning/Long-Term-Plan-Review/Space-for-Our-Dreams-Exhibition/Play,
https://www.ura.gov.sg/Corporate/Resources/Publications/Skyline/Skyline-issue11/What-is-the-Master-Plan,
https://www.ura.gov.sg/Corporate/Guidelines/Circulars/dc04-29,
https://www.ura.gov.sg/Corporate/Singapore-City-Gallery/Programmes/School/WorksheetsPreview,
https://www.ura.gov.sg/Corporate/Guidelines/Urban-Design/Woodlands-Central,
https://www.ura.gov.sg/Corporate/Guidelines/Development-Control/Planning-Permission/Folder/Legal-Requisition,
https://www.ura.gov.sg/Corporate/E-Services/Car-Parks/e-services-listing/short-term-parking,
https://www.ura.gov.sg/Corporate/Guidelines/Development-Control/Planning-Permission/using-CORENET-eSS/submission-checklist/Section-I,
https://www.ura.gov.sg/Corporate/Guidelines/Development-Control/Residential/Semi-Detached-Houses/Building-Appendages,
https://www.ura.gov.sg/Corporate/Resources/Ideas-and-Trends/Discovering-stories-and-memories-from-our-building-plans,
https://www.ura.gov.sg/Corporate/Guidelines/Development-Control/Non-Residential/B1/Earthworks,
https://www.ura.gov.sg/Corporate/Guidelines/Development-Control/Non-Residential/C-CI/Home,
https://www.ura.gov.sg/Corporate/Resources/Publications/Books/Book-Details/ContemporaneousArchitecture-regular,
https://www.ura.gov.sg/Corporate/Guidelines/Development-Control/DC-Connect/Seminars-DC-Guidelines,
https://www.ura.gov.sg/Corporate/Property/Residential/Renovating-private-residential-property/landed-housing-e-advisor/semi-detached-houses/interior2/Attic2,
https://www.ura.gov.sg/Corporate/Guidelines/Development-Control/Residential/Bungalows/Earthworks,
https://www.ura.gov.sg/Corporate/Guidelines/Development-Control/Residential/Semi-Detached-Houses/Open-Space-Provision,
https://www.ura.gov.sg/Corporate/Guidelines/Circulars/dc11-05,
https://www.ura.gov.sg/Corporate/Guidelines/Development-Control/DC-Connect/New-URA-Space-Layers,
https://www.ura.gov.sg/Corporate/Guidelines/Development-Control/Non-Residential/B2/Parking,
https://www.ura.gov.sg/Corporate/Get-Involved/Shape-A-Distinctive-City/Explore-Our-City/Southern-Ridges,
https://www.ura.gov.sg/Corporate/Resources/Ideas-and-Trends/play-at-punggol-winning-design-wow-a-crocodile,
https://www.ura.gov.sg/Corporate/Get-Involved/Conserve-Built-Heritage/Explore-Our-Built-Heritage/Conservation-Areas/Good-Class-Bungalow-and-Mountbatten-Conservation-Area,
https://www.ura.gov.sg/Corporate/Resources/Ideas-and-Trends/PLAY-at-Punggol-winning-design-Pencils-by-the-water,
https://www.ura.gov.sg/Corporate/Guidelines/Development-Control/Non-Residential/B2/GPR,
https://www.ura.gov.sg/Corporate/Guidelines/Development-Control/Non-Residential/Commercial/WCP,
https://www.ura.gov.sg/Corporate/Guidelines/Circulars/dc09-03,
https://www.ura.gov.sg/Corporate/Media-Room/Media-Releases/pr21-32,
https://www.ura.gov.sg/Corporate/Guidelines/Development-Control/gross-floor-area/GFA/WaterTanks,
https://www.ura.gov.sg/Corporate/Guidelines/Development-Control/DC-Connect/Submitting-LUSH-plans,
https://www.ura.gov.sg/Corporate/Get-Involved/Shape-A-Distinctive-City/Promoting-Good-Design/Our-Programmes-details/International-Events-and-Awards,
https://www.ura.gov.sg/Corporate/Resources/Ideas-and-Trends/play-at-punggol-winning-design-flora-and-fauna-kinetics-playscape,
https://www.ura.gov.sg/Corporate/Singapore-City-Gallery/Key-Highlights-details/Islandwide-model-details,
https://www.ura.gov.sg/Corporate/Guidelines/Development-Control/Residential/Strata-Landed-Housing/Site-Coverage,
https://www.ura.gov.sg/Corporate/Resources/Ideas-and-Trends/In-conversation-with-Nathalie-de-Vries-part-2,
https://www.ura.gov.sg/Corporate/Media-Room/Forum-Replies/forum18-10,
https://www.ura.gov.sg/Corporate/Get-Involved/Conserve-Built-Heritage/Architectural-Heritage-Season/Architectural-Heritage-Awards,
https://www.ura.gov.sg/Corporate/Land-Sales/Sites-For-Application/marina-gardens-crescent-feb24,
https://www.ura.gov.sg/Corporate/Property/Residential/Renovating-private-residential-property/landed-housing-e-advisor/detached-houses/interior1/Attic1,
https://www.ura.gov.sg/Corporate/Guidelines/Development-Control/DC-Connect/Continuous-improvements-in-URA-services,
https://www.ura.gov.sg/Corporate/Planning/Master-Plan/Master-Plan-2019/Urban-Transformations/Paya-Lebar-Airbase/History-of-Former-Paya-Lebar-Airport,
https://www.ura.gov.sg/Corporate/Media-Room/Speeches/speech19-46,
https://www.ura.gov.sg/Corporate/Property/Business/Change-Use-Lodgment/Change-Use-Lodgment/Appendices-Change-Use-Lodgment/Appendices/AppendixC1,
https://www.ura.gov.sg/Corporate/Careers/Career-with-URA/Why-URA,
https://www.ura.gov.sg/Corporate/Guidelines/Development-Control/DC-Connect/Revised-change-of-use-lodgment,
https://www.ura.gov.sg/Corporate/Get-Involved/Shape-A-Distinctive-City/Promoting-Good-Design/Our-Programmes-details/Publications-and-Resources,
https://www.ura.gov.sg/Corporate/Media-Room/Speeches/speech20-09,
https://www.ura.gov.sg/Corporate/Guidelines/Urban-Design/~/link.aspx?_id=6F28BA0B83114572ACA7DC1DFB84DBAC&_z=z,
https://www.ura.gov.sg/Corporate/Guidelines/Circulars/dc20-03,
https://www.ura.gov.sg/Corporate/Guidelines/Development-Control/Non-Residential/SR/Street-Block-Plans,
https://www.ura.gov.sg/Corporate/Resources/Ideas-and-Trends/Saving-architectural-treasures,
https://www.ura.gov.sg/Corporate/Guidelines/Development-Control/DC-Connect/Remaining-vigilant-phishing-scams,
https://www.ura.gov.sg/Corporate/Resources/Ideas-and-Trends/Building-our-craft-in-conservation,
https://www.ura.gov.sg/Corporate/Guidelines/Development-Control/Non-Residential/Hotel/GFA-Incentive-Schemes,
https://www.ura.gov.sg/Corporate/Guidelines/Development-Control/Non-Residential/EI/Introduction,
https://www.ura.gov.sg/Corporate/Media-Room/Speeches/speech18-66,
https://www.ura.gov.sg/Corporate/Event/Happenings-at-Atrium,
https://www.ura.gov.sg/Corporate/Guidelines/Development-Control/gross-floor-area/GFA/CurtainWall,
https://www.ura.gov.sg/Corporate/Guidelines/Development-Control/gross-floor-area/GFA/GuardhouseandSentryPosts,
https://www.ura.gov.sg/Corporate/Guidelines/Conservation/~/link.aspx?_id=977797728E8B483E910CD4DB4781806A&_z=z,
https://www.ura.gov.sg/Corporate/Planning/Master-Plan/Master-Plan-2019/Regional-Highlights/Central-Area/Key-Strategies,
https://www.ura.gov.sg/Corporate/Resources/Publications/Skyline/Skyline-issue14/Thinking-aloud,
https://www.ura.gov.sg/Corporate/Get-Involved/Shape-A-Distinctive-City/Placemaking-and-Partnership/Evolution-placemaking-journey,
https://www.ura.gov.sg/Corporate/Guidelines/Development-Control/Non-Residential/PW/Introduction,
https://www.ura.gov.sg/Corporate/Guidelines/Development-Control/Non-Residential/B1/Basements,
https://www.ura.gov.sg/Corporate/Guidelines/Conservation/Conservation-Guidelines/Part-3-Envelope-Control-Guidelines/Secondary-Settlement/RHD-Envelope-Control-Guidelines,
https://www.ura.gov.sg/Corporate/Guidelines/Circulars/dc19-10,
https://www.ura.gov.sg/Corporate/Property/Residential/Renovating-private-residential-property/landed-housing-e-advisor/semi-detached-houses/exterior2/PlanterBox2,
https://www.ura.gov.sg/Corporate/Media-Room/Media-Releases/pr18-66,
https://www.ura.gov.sg/Corporate/Planning/Long-Term-Plan-Review/Space-for-Our-Dreams-Exhibition/Steward/Stewardship-Natural-Capital,
https://www.ura.gov.sg/Corporate/Guidelines/Circulars/dc16-06,
https://www.ura.gov.sg/Corporate/Singapore-City-Gallery/Programmes/School/Worksheets,
https://www.ura.gov.sg/Corporate/Guidelines/Development-Control/Non-Residential/B2/Building-Height,
https://www.ura.gov.sg/Corporate/Resources/Ideas-and-Trends/Redevelopment-Conservation-Zero-Sum-Game,
https://www.ura.gov.sg/Corporate/Property/Residential/Renovating-private-residential-property/landed-housing-e-advisor/semi-detached-houses/exterior2/CarPorch2,
https://www.ura.gov.sg/Corporate/Car-Parks/Parking-Offences/Common-Offences.aspx,
https://www.ura.gov.sg/Corporate/Planning/Master-Plan/Master-Plan-2019/Regional-Highlights/Central-Area/Orchard-Road/Bring-Back-the-Orchard,
https://www.ura.gov.sg/Corporate/Guidelines/Developers/Housing-Developers/Housing-Developers/standard-option,
https://www.ura.gov.sg/Corporate/Get-Involved/Shape-A-Distinctive-City/Explore-Our-City/Civic-District,
https://www.ura.gov.sg/Corporate/Guidelines/Development-Control/Residential/Bungalows/Building-Appendages,
https://www.ura.gov.sg/Corporate/Guidelines/Conservation/Conservation-Guidelines/Part-1-Overview/Introduction,
https://www.ura.gov.sg/Corporate/Get-Involved/Plan-Our-Future-SG/Charmingly-Changi,
https://www.ura.gov.sg/Corporate/Planning/Long-Term-Plan-Review/Space-for-Our-Dreams-Exhibition/Cherish/Distinctive-and-Endearing,
https://www.ura.gov.sg/Corporate/Media-Room/Media-Releases/pr23-53,
https://www.ura.gov.sg/Corporate/Planning/Long-Term-Plan-Review/Space-for-Our-Dreams-Exhibition/Cherish/Places-for-the-Community,
https://www.ura.gov.sg/Corporate/Guidelines/Circulars/dc09-06,
https://www.ura.gov.sg/Corporate/Media-Room/Forum-Replies/forum17-06,
https://www.ura.gov.sg/Corporate/Guidelines/Circulars/dc16-03,
https://www.ura.gov.sg/Corporate/Guidelines/Urban-Design/Rochor,
https://www.ura.gov.sg/Corporate/Guidelines/Circulars/dc15-13,
https://www.ura.gov.sg/Corporate/Guidelines/Development-Control/Non-Residential/B2/Goods-Lift-Loading-Bays,
https://www.ura.gov.sg/Corporate/Guidelines/Development-Control/Planning-Permission/Plan-Lodgment-Application/Land-Strata/Guidelines,
https://www.ura.gov.sg/Corporate/Planning/Long-Term-Plan-Review/Space-for-Our-Dreams-Exhibition/Play/Island-Green-Blue-Fun,
https://www.ura.gov.sg/Corporate/Planning/Master-Plan/Master-Plan-2019/Themes/Local-Hubs-Global-Gateways/Creating-Jobs-Within-Easy-Reach,
https://www.ura.gov.sg/Corporate/Guidelines/Development-Control/Non-Residential/EI/Basements,
https://www.ura.gov.sg/Corporate/Guidelines/Development-Control/Planning-Permission/Plan-Lodgment-Application/Additions-and-Alterations-Landed-House,
https://www.ura.gov.sg/Corporate/Media-Room/Forum-Replies/forum19-02,
https://www.ura.gov.sg/Corporate/Property/Residential/Renovating-private-residential-property/landed-housing-e-advisor/terrace-houses/interior3/Attic3,
https://www.ura.gov.sg/Corporate/Guidelines/Circulars/coh23-02,
https://www.ura.gov.sg/Corporate/Property/Residential/Renovating-private-residential-property/landed-housing-e-advisor/terrace-houses/exterior3/CarPorch3,
https://www.ura.gov.sg/Corporate/Resources/Publications/Skyline/Skyline-Issue10/Beat-the-heat,
https://www.ura.gov.sg/Corporate/Planning/Long-Term-Plan-Review/Space-for-Our-Dreams-Exhibition/Work/Attractive-Job-Nodes,
https://www.ura.gov.sg/Corporate/Property/Business/~/link.aspx?_id=D73B72D0CCDA4CF38310313A4AC78C70&_z=z,
https://www.ura.gov.sg/Corporate/Data/forms/Explanatory-Notes-New/DC-4,
https://www.ura.gov.sg/Corporate/Planning/Master-Plan/Master-Plan-2019/Themes/Liveable-and-Inclusive-Communities/Range-of-Amenities-for-All-Ages,
https://www.ura.gov.sg/Corporate/Guidelines/Circulars/dc18-07,
https://www.ura.gov.sg/Corporate/Guidelines/Development-Control/Non-Residential/Agriculture/Advisory-Notes,
https://www.ura.gov.sg/Corporate/Guidelines/Development-Control/gross-floor-area/GFA/SolarPanels,
https://www.ura.gov.sg/Corporate/Guidelines/Development-Control/gross-floor-area/GFA/UnenclosedFacadeArticulation,
https://www.ura.gov.sg/Corporate/Guidelines/Circulars/dc15-10,
https://www.ura.gov.sg/Corporate/Media-Room/Media-Releases/pr23-36,
https://www.ura.gov.sg/Corporate/Guidelines/Circulars/dc14-03,
https://www.ura.gov.sg/Corporate/Media-Room/Media-Releases/pr23-07,
https://www.ura.gov.sg/Corporate/Property/Business/Change-Use-Lodgment/Change-Use-Lodgment/Appendices-Change-Use-Lodgment,
https://www.ura.gov.sg/Corporate/Guidelines/Circulars/dc08-24,
https://www.ura.gov.sg/Corporate/Guidelines/Circulars/dc18-09,
https://www.ura.gov.sg/Corporate/Guidelines/Circulars/dc15-09,
https://www.ura.gov.sg/Corporate/Get-Involved/Go-Car-Lite/Transforming-Streets-for-People,
https://www.ura.gov.sg/Corporate/Resources/Publications/Skyline/Skyline-issue11/Rejuvenating-central-area,
https://www.ura.gov.sg/Corporate/Guidelines/Circulars/dc07-01,
https://www.ura.gov.sg/Corporate/Property/Business/Change-Use-of-Property-for-Business/related/Problematic-Areas,
https://www.ura.gov.sg/Corporate/Guidelines/Development-Control/Non-Residential/B1/Goods-Lift-Loading-Bays,
https://www.ura.gov.sg/Corporate/Planning/Master-Plan/Master-Plan-2019/Themes/A-Sustainable-and-Resilient-City-of-the-Future/Creating-Spaces,
https://www.ura.gov.sg/Corporate/Get-Involved/Conserve-Built-Heritage/Explore-Our-Built-Heritage/brief-history,
https://www.ura.gov.sg/Corporate/Media-Room/Media-Releases/pr22-42,
https://www.ura.gov.sg/Corporate/Planning/Long-Term-Plan-Review/Space-for-Our-Dreams-Exhibition/Play/Playful-City,
https://www.ura.gov.sg/Corporate/Guidelines/Circulars/dc13-02,
https://www.ura.gov.sg/Corporate/Guidelines/Development-Control/Non-Residential/Hotel/Building-Setback,
https://www.ura.gov.sg/Corporate/Property/Business/Change-Use-Lodgment/Change-Use-Lodgment/Appendices-Change-Use-Lodgment/Appendices/Appendix-D,
https://www.ura.gov.sg/Corporate/Planning/Long-Term-Plan-Review/Space-for-Our-Dreams-Exhibition/Work/Flexible-Spaces,
https://www.ura.gov.sg/Corporate/Guidelines/Development-Control/Planning-Permission/Plan-Lodgment-Application/Land-Strata/Subdivision-land,
https://www.ura.gov.sg/Corporate/Property/Business/Change-Use-Lodgment/ConditionsforLodgment,
https://www.ura.gov.sg/Corporate/Get-Involved/Shape-A-Distinctive-City/Promoting-Good-Design/Our-Programmes-details/International-Events-and-Awards/Expo-2020,
https://www.ura.gov.sg/Corporate/Guidelines/Circulars/dc22-05,
https://www.ura.gov.sg/Corporate/Guidelines/Development-Control/Planning-Permission/Minor-Development-Application,
https://www.ura.gov.sg/Corporate/Data/forms/dc-17,
https://www.ura.gov.sg/Corporate/Guidelines/Development-Control/Non-Residential/B1/Parking,
https://www.ura.gov.sg/Corporate/Media-Room/Forum-Replies,
https://www.ura.gov.sg/Corporate/Guidelines/Development-Control/Non-Residential/Hotel/Greenery,
https://www.ura.gov.sg/Corporate/Guidelines/Development-Control/Residential/Strata-Landed-Housing/Private-Enclosed-Spaces-and-Private-Roof-Terraces,
https://www.ura.gov.sg/Corporate/Guidelines/Development-Control/Non-Residential/Commercial/Earthworks,
https://www.ura.gov.sg/Corporate/Guidelines/Circulars/dc14-12,
https://www.ura.gov.sg/Corporate/Data/Resources/Publications/Annual-Reports/Web-AR/AR-20/Pages/Board-MC,
https://www.ura.gov.sg/Corporate/Planning/Master-Plan/Master-Plan-2019/Themes/Convenient-and-Sustainable-Mobility/Better-Connectivity-for-All,
https://www.ura.gov.sg/Corporate/Guidelines/Circulars/dc16-10,
https://www.ura.gov.sg/Corporate/Planning/Long-Term-Plan-Review/Space-for-Our-Dreams-Exhibition/Sustain/Low-Carbon-City,
https://www.ura.gov.sg/Corporate/Get-Involved/Shape-A-Distinctive-City/Explore-Our-City/Marina-Bay/Filming-and-Photog-Application,
https://www.ura.gov.sg/Corporate/Guidelines/Development-Control/Residential/Strata-Landed-Housing/Locational-Criteria,
https://www.ura.gov.sg/Corporate/Guidelines/Development-Control/Residential/Strata-Landed-Housing/Setbacks,
https://www.ura.gov.sg/Corporate/Get-Involved/Shape-A-Distinctive-City/Explore-Our-City/Singapore-River,
https://www.ura.gov.sg/Corporate/Guidelines/Circulars/dc18-05,
https://www.ura.gov.sg/Corporate/Guidelines/Development-Control/Non-Residential/Hotel/Location,
https://www.ura.gov.sg/Corporate/Guidelines/Development-Control/Non-Residential/C-CI/Waterbodies,
https://www.ura.gov.sg/Corporate/Guidelines/Circulars/Guidelines-For-Outdoor-Signs,
https://www.ura.gov.sg/Corporate/Property/Residential/Renovating-private-residential-property/landed-housing-e-advisor/detached-houses,
https://www.ura.gov.sg/Corporate/Guidelines/Development-Control/Planning-Permission/using-CORENET-eSS/submission-checklist/Section-II,
https://www.ura.gov.sg/Corporate/Land-Sales/Sites-For-Application/river-valley-green-B-mar24,
https://www.ura.gov.sg/Corporate/Planning/Long-Term-Plan-Review/Long-Term-Plan-Review-Publication,
https://www.ura.gov.sg/Corporate/Guidelines/Development-Control/Residential/Semi-Detached-Houses/RC-Flat-Roofs,
https://www.ura.gov.sg/Corporate/Singapore-City-Gallery/Key-Highlights-details/CentralArea-model-details,
https://www.ura.gov.sg/Corporate/Planning/Master-Plan/Master-Plan-2019/Regional-Highlights/Central-Area/Celebrate-Arts-Culture-Heritage,
https://www.ura.gov.sg/Corporate/Property/Residential/Renovating-private-residential-property/landed-housing-e-advisor/terrace-houses/roof3/PitchedRoof3,
https://www.ura.gov.sg/Corporate/Guidelines/Circulars/dc16-16,
https://www.ura.gov.sg/Corporate/Guidelines/Circulars/dc18-01,
https://www.ura.gov.sg/Corporate/Property/Residential/Renovating-private-residential-property/landed-housing-e-advisor/semi-detached-houses,
https://www.ura.gov.sg/Corporate/Land-Sales/FAQ/application-for-reserve-list-sites,
https://www.ura.gov.sg/Corporate/Guidelines/Development-Control/gross-floor-area/GFA/SwimmingPool,
https://www.ura.gov.sg/Corporate/Guidelines/Development-Control/gross-floor-area/GFA/LoadingandUnloadingPlatforms,
https://www.ura.gov.sg/Corporate/Sitemap,
https://www.ura.gov.sg/Corporate/Guidelines/Development-Control/Non-Residential/SR/Setback,
https://www.ura.gov.sg/Corporate/Guidelines/Development-Control/Residential/Semi-Detached-Houses/Locational-Criteria,
https://www.ura.gov.sg/Corporate/Media-Room/Media-Releases/pr24-04,
https://www.ura.gov.sg/Corporate/Guidelines/Circulars/dc17-02,
https://www.ura.gov.sg/Corporate/Guidelines/Circulars/dc13-13,
https://www.ura.gov.sg/Corporate/Guidelines/Development-Control/Non-Residential/PW/Building-Height,
https://www.ura.gov.sg/Corporate/Guidelines/Development-Control/Residential/Semi-Detached-Houses/Access-Points,
https://www.ura.gov.sg/Corporate/Guidelines/Development-Control/Planning-Permission/Plan-Lodgment-Application/Agri-Dev,
https://www.ura.gov.sg/Corporate/Guidelines/Development-Control/Non-Residential/C-CI/Building-Height,
https://www.ura.gov.sg/Corporate/Event/AUDE-Space,
https://www.ura.gov.sg/Corporate/Guidelines/Development-Control/Residential/Bungalows/Access-Points,
https://www.ura.gov.sg/Corporate/Planning/Long-Term-Plan-Review/Public-Engagement-Journey/Themes/Future-of-Mobility,
https://www.ura.gov.sg/Corporate/Guidelines/Development-Control/Residential/Bungalows/Open-Space-Provision,
https://www.ura.gov.sg/Corporate/Guidelines/Development-Control/Non-Residential/C-CI/Setback,
https://www.ura.gov.sg/Corporate/Guidelines/Conservation/Signage,
https://www.ura.gov.sg/Corporate/Guidelines/Urban-Design/River-Valley,
https://www.ura.gov.sg/Corporate/Guidelines/Circulars/dc19-02,
https://www.ura.gov.sg/Corporate/Guidelines/Development-Control/Planning-Permission/Folder/DC-Charge-Rates/DC-rates/2022,
https://www.ura.gov.sg/Corporate/Guidelines/Development-Control/Non-Residential/C-CI/GPR,
https://www.ura.gov.sg/Corporate/Guidelines/Development-Control/Planning-Permission/Folder/DC-Charge-Rates/DC-rates/2018/use-groups-table/u-groups2008sep2018,
https://www.ura.gov.sg/Corporate/Guidelines/Circulars/dc14-13,
https://www.ura.gov.sg/Corporate/Planning/Long-Term-Plan-Review/Space-for-Our-Dreams-Exhibition/Move,
https://www.ura.gov.sg/Corporate/Guidelines/Circulars/dc19-19,
https://www.ura.gov.sg/Corporate/Guidelines/Circulars/dc18-12,
https://www.ura.gov.sg/Corporate/Planning/Long-Term-Plan-Review/Space-for-Our-Dreams-Exhibition/PLAB-Next-Flight/Innovative-Active-Community,
https://www.ura.gov.sg/Corporate/Guidelines/Circulars/dc16-01,
https://www.ura.gov.sg/Corporate/Resources/Publications/Skyline/Skyline-issue14/Singapore-unlimited,
https://www.ura.gov.sg/Corporate/Privacy-Statement,
https://www.ura.gov.sg/Corporate/Planning/Master-Plan/Master-Plan-2019/Themes/Rejuvenating-Familiar-Places/Retaining-and-Enhancing-Local-Identity,
https://www.ura.gov.sg/Corporate/Guidelines/Development-Control/Non-Residential/HMC/Use-Quantum,
https://www.ura.gov.sg/Corporate/Resources/Ideas-and-Trends/AI-in-Urban-Planning,
https://www.ura.gov.sg/Corporate/Media-Room/Media-Releases/pr23-42,
https://www.ura.gov.sg/Corporate/Media-Room/Media-Releases/pr22-41,
https://www.ura.gov.sg/Corporate/Media-Room/Speeches/speech20-03,
https://www.ura.gov.sg/Corporate/Media-Room/Media-Releases/pr22-19,
https://www.ura.gov.sg/Corporate/Guidelines/Development-Control/Non-Residential/Commercial/Strata-Subdivision,
https://www.ura.gov.sg/Corporate/Facilities-Rental/Rooms/URA-Training-Room,
https://www.ura.gov.sg/Corporate/Guidelines/Conservation/Conservation-Guidelines/Part-1-Overview/Understanding-The-Bungalow,
https://www.ura.gov.sg/Corporate/Media-Room/Media-Releases/pr22-25,
https://www.ura.gov.sg/Corporate/Planning/Master-Plan/Master-Plan-2019/Regional-Highlights/Regional-Resources,
https://www.ura.gov.sg/Corporate/Guidelines/Development-Control/Residential/Flats-Condominiums/Basements,
https://www.ura.gov.sg/Corporate/Get-Involved/Enliven-Public-Spaces/Parking-Day-SG,
https://www.ura.gov.sg/Corporate/Guidelines/Development-Control/DC-Connect/EDAform-DAplans,
https://www.ura.gov.sg/Corporate/Guidelines/Circulars/dc14-12-original,
https://www.ura.gov.sg/Corporate/Guidelines/Development-Control/Non-Residential/Transport/Height,
https://www.ura.gov.sg/Corporate/Get-Involved/Shape-A-Distinctive-City/Explore-Our-City/Marina-Bay/Event-and-Community-Trucks,
https://www.ura.gov.sg/Corporate/Guidelines/Development-Control/Planning-Permission/Folder/DC-Charge-Rates/DC-rates/2000-2005/rates-table/dc_rates0903,
https://www.ura.gov.sg/Corporate/Guidelines/Circulars/dc10-02,
https://www.ura.gov.sg/Corporate/Guidelines/Circulars/dc16-02,
https://www.ura.gov.sg/Corporate/Car-Parks/Season-Parking/Transfer.aspx,
https://www.ura.gov.sg/Corporate/Data/Resources/Publications/Annual-Reports/Web-AR/AR-21/Pages/Board-MC,
https://www.ura.gov.sg/Corporate/Guidelines/Development-Control/Non-Residential/EI/UD,
https://www.ura.gov.sg/Corporate/Resources/Publications.aspx,
https://www.ura.gov.sg/Corporate/Car-Parks/Season-Parking/Renew.aspx,
https://www.ura.gov.sg/Corporate/Facilities-Rental/Rooms/Rooms,
https://www.ura.gov.sg/Corporate/Event/Connecting-communities-b2c-exhibition-city-canvas,
https://www.ura.gov.sg/Corporate/Event/URA-Speaker-Series,
https://www.ura.gov.sg/Corporate/Guidelines/Circulars/dc24-01,
https://www.ura.gov.sg/Corporate/Resources/Ideas-and-Trends/feeding-the-city-growth-of-urban-agriculture,
https://www.ura.gov.sg/Corporate/Guidelines/Circulars/dc08-12,
https://www.ura.gov.sg/Corporate/Media-Room/Media-Releases/pr23-34,
https://www.ura.gov.sg/Corporate/Property/Business/Change-Use-Lodgment/LodgmentApplication,
https://www.ura.gov.sg/Corporate/Guidelines/Development-Control/Non-Residential/C-CI/Ancillary-Structures,
https://www.ura.gov.sg/Corporate/Guidelines/Development-Control/Non-Residential/SR/Introduction,
https://www.ura.gov.sg/Corporate/Data/forms/Explanatory-Notes-New/DC-6,
https://www.ura.gov.sg/Corporate/Guidelines/Circulars/dc14-01,
https://www.ura.gov.sg/Corporate/Resources/Ideas-and-Trends/Building-a-Sustainable-City-through-Smart-Innovation,
https://www.ura.gov.sg/Corporate/Guidelines/Circulars/dc16-09,
https://www.ura.gov.sg/Corporate/Planning/Master-Plan/Master-Plan-2019/Themes/A-Sustainable-and-Resilient-City-of-the-Future,
https://www.ura.gov.sg/Corporate/Guidelines/Circulars/dc12-01,
https://www.ura.gov.sg/Corporate/Resources/Ideas-and-Trends/Intelligent-Planning-of-Age-Friendly-Cities,
https://www.ura.gov.sg/Corporate/Media-Room/Media-Releases/pr23-32,
https://www.ura.gov.sg/Corporate/Guidelines/Development-Control/Residential/Flats-Condominiums/SpecialandDetailedControlPlans,
https://www.ura.gov.sg/Corporate/Property/Residential/Renovating-private-residential-property/landed-housing-e-advisor/terrace-houses/roof3/PavilionTrellis3,
https://www.ura.gov.sg/Corporate/Guidelines/Circulars/dc11-14,
https://www.ura.gov.sg/Corporate/Guidelines/Circulars/dc14-11,
https://www.ura.gov.sg/Corporate/Guidelines/Circulars/SR-Promenade-Design,
https://www.ura.gov.sg/Corporate/Guidelines/Circulars/dc14-08,
https://www.ura.gov.sg/Corporate/Guidelines/Circulars/dc14-09,
https://www.ura.gov.sg/Corporate/Guidelines/Urban-Design/Outram,
https://www.ura.gov.sg/Corporate/Get-Involved/Plan-Our-Future-SG/Innovative-Urban-Solutions,
https://www.ura.gov.sg/Corporate/Guidelines/Development-Control/Non-Residential/SR/SpecialandDetailedControlPlans,
https://www.ura.gov.sg/Corporate/Guidelines/Development-Control/gross-floor-area/GFA/LetterBoxes,
https://www.ura.gov.sg/Corporate/Guidelines/Circulars/dc08-10,
https://www.ura.gov.sg/Corporate/Guidelines/Development-Control/Non-Residential/B1/Unit-Size,
https://www.ura.gov.sg/Corporate/Resources/Ideas-and-Trends/Harnessing-the-Power-of-Digital-Technologies,
https://www.ura.gov.sg/Corporate/Guidelines/Circulars/dc23-10,
https://www.ura.gov.sg/Corporate/Property/Residential/Renovating-private-residential-property/landed-housing-e-advisor/terrace-houses/roof3/FlatRoofTerrace3,
https://www.ura.gov.sg/Corporate/Guidelines/Circulars/dc94-05,
https://www.ura.gov.sg/Corporate/Guidelines/Development-Control/Non-Residential/Business-Park/Basements,
https://www.ura.gov.sg/Corporate/Media-Room/Media-Releases/pr17-74,
https://www.ura.gov.sg/Corporate/Guidelines/Development-Control/Non-Residential/EI/Commercial-Quantum,
https://www.ura.gov.sg/Corporate/Guidelines/Circulars/dc08-22,
https://www.ura.gov.sg/Corporate/Guidelines/Circulars/dc19-13,
https://www.ura.gov.sg/Corporate/Guidelines/Circulars/dc14-10,
https://www.ura.gov.sg/Corporate/Guidelines/Circulars/dc09-19,
https://www.ura.gov.sg/Corporate/Guidelines/Circulars/dc10-08,
https://www.ura.gov.sg/Corporate/Media-Room/Media-Releases/pr16-62,
https://www.ura.gov.sg/Corporate/Car-Parks.aspx,
https://www.ura.gov.sg/Corporate/Media-Room/Media-Releases/pr19-22,
https://www.ura.gov.sg/Corporate/Planning/Master-Plan/Master-Plan-2019/Themes/Rejuvenating-Familiar-Places/Protecting-and-Rejuvenating-Built-Heritage,
https://www.ura.gov.sg/Corporate/Media-Room/Media-Releases/pr14-60,
https://www.ura.gov.sg/Corporate/Guidelines/Conservation/Conservation-Guidelines/Appendices/Appendix-IB-Location-Of-Core-Areas,
https://www.ura.gov.sg/Corporate/Guidelines/Circulars/dc09-05,
https://www.ura.gov.sg/Corporate/Guidelines/Circulars/dc21-01,
https://www.ura.gov.sg/Corporate/Guidelines/Development-Control/Residential/Semi-Detached-Houses/SpecialandDetailedControlPlans,
https://www.ura.gov.sg/Corporate/Guidelines/Development-Control/Non-Residential/C-CI/Earthworks,
https://www.ura.gov.sg/Corporate/Resources/Ideas-and-Trends/Crowdsourcing-for-an-Efficient-City,
https://www.ura.gov.sg/Corporate/Guidelines/Circulars/dc20-05,
https://www.ura.gov.sg/Corporate/Land-Sales/Sites-For-Application/lentorgardens-1H23,
https://www.ura.gov.sg/Corporate/Property/Business/Change-Use-of-Property-for-Business/related/Authorisation-conditions-conversions,
https://www.ura.gov.sg/Corporate/Media-Room/Media-Releases/pr15-49,
https://www.ura.gov.sg/Corporate/Resources/Ideas-and-Trends/Refreshing-the-historic-Singapore-River,
https://www.ura.gov.sg/Corporate/Media-Room/Media-Releases/pr19-46,
https://www.ura.gov.sg/Corporate/Guidelines/Circulars/dc08-23,
https://www.ura.gov.sg/Corporate/Resources/Ideas-and-Trends/Activating-shaping-spaces-around-you,
https://www.ura.gov.sg/Corporate/Media-Room/Speeches/speech18-33,
https://www.ura.gov.sg/Corporate/Media-Room/Speeches/speech18-08,
https://www.ura.gov.sg/Corporate/Media-Room/Speeches/speech19-44,
https://www.ura.gov.sg/Corporate/Media-Room/Speeches/speech18-43,
https://www.ura.gov.sg/Corporate/Guidelines/Conservation/Conservation-Guidelines/Part-2-Planning-Parameters-and-Restoration-Guidelines/Bungalows/ANNEXURE-1-BUNGALOWS-AT-MOUNTBATTEN-ROAD,
https://www.ura.gov.sg/Corporate/Guidelines/Development-Control/Residential/Strata-Landed-Housing/EC,
https://www.ura.gov.sg/Corporate/Media-Room/Speeches/speech18-21,
https://www.ura.gov.sg/Corporate/Media-Room/Speeches/speech18-56,
https://www.ura.gov.sg/Corporate/Media-Room/Media-Releases/pr21-48,
https://www.ura.gov.sg/Corporate/Media-Room/Media-Releases/pr18-38,
https://www.ura.gov.sg/Corporate/Singapore-City-Gallery/City-Canvas,
https://www.ura.gov.sg/Corporate/Facilities-Rental/Rooms/URA-Training-Room5,
https://www.ura.gov.sg/Corporate/Media-Room/Media-Releases/pr23-52,
https://www.ura.gov.sg/Corporate/Media-Room/Speeches/speech19-41,
https://www.ura.gov.sg/Corporate/Guidelines/Development-Control/Non-Residential/EI/GFA-Incentive-Schemes,
https://www.ura.gov.sg/Corporate/Media-Room/Speeches/speech18-71,
https://www.ura.gov.sg/Corporate/Get-Involved/Conserve-Built-Heritage/Explore-Our-Built-Heritage,
https://www.ura.gov.sg/Corporate/Guidelines/Development-Control/Non-Residential/B1/WCP,
https://www.ura.gov.sg/Corporate/Get-Involved/Plan-Our-Future-SG/Innovative-Urban-Solutions/Food-Resilient-Future,
https://www.ura.gov.sg/Corporate/Property/Residential/Renovating-private-residential-property/landed-housing-e-advisor/terrace-houses/exterior3/MinorStructures3,
https://www.ura.gov.sg/Corporate/Get-Involved/Conserve-Built-Heritage/Architectural-Heritage-Season/Architectural-Heritage-Awards.aspx,
https://www.ura.gov.sg/Corporate/Property/Residential/Renovating-private-residential-property/landed-housing-e-advisor/detached-houses/exterior1/MinorStructures1,
https://www.ura.gov.sg/Corporate/Planning/Long-Term-Plan-Review/Space-for-Our-Dreams-Exhibition/Sustain/Sustaining-Land-and-Space-Options,
https://www.ura.gov.sg/Corporate/Media-Room/Media-Releases/pr22-22,
https://www.ura.gov.sg/Corporate/Media-Room/Media-Releases/pr22-14,
https://www.ura.gov.sg/Corporate/Get-Involved/Plan-Our-Future-SG/Innovative-Urban-Solutions/Urban-logistics,
https://www.ura.gov.sg/Corporate/Guidelines/Circulars/dc14-27,
https://www.ura.gov.sg/Corporate/Guidelines/Circulars/dc13-10,
https://www.ura.gov.sg/Corporate/Media-Room/Forum-Replies/forum20-04,
https://www.ura.gov.sg/Corporate/Resources/Publications/Books/Book-Details/Singapore-Street-Building-Place-Names,
https://www.ura.gov.sg/Corporate/Media-Room/Media-Releases/pr23-03,
https://www.ura.gov.sg/Corporate/Resources/Publications/Books/Book-Details/2015-11_a_river_transformed,
https://www.ura.gov.sg/Corporate/Media-Room/Media-Releases/pr18-73,
https://www.ura.gov.sg/Corporate/Singapore-City-Gallery/Key-Highlights-details/Mapping-Singapore-details,
https://www.ura.gov.sg/Corporate/Guidelines/Development-Control/Non-Residential/B1/SpecialandDetailedControlPlans,
https://www.ura.gov.sg/Corporate/Guidelines/Development-Control/Non-Residential/Transport/Setback,
https://www.ura.gov.sg/Corporate/Media-Room/Media-Releases/pr23-06,
https://www.ura.gov.sg/Corporate/Get-Involved/Plan-Our-Future-SG/Innovative-Urban-Solutions/Autonomous-Vehicles,
https://www.ura.gov.sg/Corporate/Media-Room/Media-Releases/pr23-23,
https://www.ura.gov.sg/Corporate/Resources/Ideas-and-Trends/Sensing-the-City,
https://www.ura.gov.sg/Corporate/Planning/Master-Plan/Master-Plan-2019/Themes/Rejuvenating-Familiar-Places/Celebrating-Memories-with-the-Community,
https://www.ura.gov.sg/Corporate/Media-Room/Media-Releases/pr23-45,
https://www.ura.gov.sg/Corporate/Guidelines/Development-Control/Planning-Permission/Folder/DC-Charge-Rates/DC-rates/2018/rates-table/dc-rates1803,
https://www.ura.gov.sg/Corporate/Guidelines/Development-Control/DC-Connect/Retail-guidelines-enhance-shoppers-experience,
https://www.ura.gov.sg/Corporate/Resources/Ideas-and-Trends/Breaking-new-ground,
https://www.ura.gov.sg/Corporate/Planning/Long-Term-Plan-Review/Space-for-Our-Dreams-Exhibition/Move/Well-Connected-Global-Hub,
https://www.ura.gov.sg/Corporate/Guidelines/Circulars/dc19-17,
https://www.ura.gov.sg/Corporate/Media-Room/Media-Releases/pr21-37,
https://www.ura.gov.sg/Corporate/Guidelines/Development-Control/Non-Residential/PW/Use-Quantum,
https://www.ura.gov.sg/Corporate/Property/Residential/Renovating-private-residential-property/landed-housing-e-advisor/terrace-houses/exterior3/BoundaryWall3,
https://www.ura.gov.sg/Corporate/Resources/Ideas-and-Trends/Mobility-as-a-Service,
https://www.ura.gov.sg/Corporate/Media-Room/Media-Releases/pr23-41,
https://www.ura.gov.sg/Corporate/Property/Residential/Renovating-private-residential-property/landed-housing-e-advisor/terrace-houses/interior3/LiftShaft3,
https://www.ura.gov.sg/Corporate/Media-Room/Media-Releases/pr22-35,
https://www.ura.gov.sg/Corporate/Planning/Long-Term-Plan-Review/Space-for-Our-Dreams-Exhibition/Move/Better-Efficient-Delivery,
https://www.ura.gov.sg/Corporate/Resources/Publications/Skyline/Skyline-issue14/Shaping-our-future-together,
https://www.ura.gov.sg/Corporate/Media-Room/Media-Releases/pr20-09,
https://www.ura.gov.sg/Corporate/Property/Business/Change-Use-of-Property-for-Business/related/Authorisation-conversion-srs,
https://www.ura.gov.sg/Corporate/Guidelines/Circulars/sbnb-01,
https://www.ura.gov.sg/Corporate/Planning/Master-Plan/Master-Plan-2019/Themes/Local-Hubs-Global-Gateways/Formulating-Policies-Enabling-Innovation-and-Growth,
https://www.ura.gov.sg/Corporate/Get-Involved/Conserve-Built-Heritage/Explore-Our-Built-Heritage/Conservation-Areas/Historic-Districts,
https://www.ura.gov.sg/Corporate/Guidelines/Development-Control/Non-Residential/SR/GPR,
https://www.ura.gov.sg/Corporate/Media-Room/Media-Releases/pr22-36,
https://www.ura.gov.sg/Corporate/Guidelines/Development-Control/gross-floor-area/GFA/OutdoorRefreshmentKiosks,
https://www.ura.gov.sg/Corporate/Guidelines/Development-Control/Planning-Permission/using-CORENET-eSS/submission-checklist/Annex-1,
https://www.ura.gov.sg/Corporate/Guidelines/Development-Control/Planning-Permission/Folder/DC-Charge-Rates/DC-rates/2020/rates-table/dc-rates2009,
https://www.ura.gov.sg/Corporate/Guidelines/Development-Control/DC-Connect/Make-EDARAD-work-for-you,
https://www.ura.gov.sg/Corporate/Media-Room/Media-Releases/pr23-22,
https://www.ura.gov.sg/Corporate/Resources/Publications/Books/Book-Details/2013-11_vertical_garden_city_sg,
https://www.ura.gov.sg/Corporate/Resources/Ideas-and-Trends/AI-GPT4-abilities-planning,
https://www.ura.gov.sg/Corporate/Media-Room/Media-Releases/pr22-34,
https://www.ura.gov.sg/Corporate/Planning/Master-Plan/Master-Plan-2019/Themes/Convenient-and-Sustainable-Mobility,
https://www.ura.gov.sg/Corporate/Guidelines/Circulars/dc19-08,
https://www.ura.gov.sg/Corporate/Media-Room/Media-Releases/pr21-41,
https://www.ura.gov.sg/Corporate/Media-Room/Media-Releases/pr19-18,
https://www.ura.gov.sg/Corporate/Planning/Master-Plan/Amendments/2019/gazetted-approved-amendments-to-master-plan-2019/list-of-cases/r7-1mar24,
https://www.ura.gov.sg/Corporate/Guidelines/Circulars/dc21-06,
https://www.ura.gov.sg/Corporate/Data/Resources/Publications/Annual-Reports,
https://www.ura.gov.sg/Corporate/Guidelines/Conservation/Conservation-Guidelines/Appendices/Appendix-IA-Incompatible-Uses,
https://www.ura.gov.sg/Corporate/Guidelines/Development-Control/DC-Connect/Pedestrian-cyclist-friendly-features,
https://www.ura.gov.sg/Corporate/Resources/Ideas-and-Trends/Getting-Ready,
https://www.ura.gov.sg/Corporate/Guidelines/Circulars/dc22-04,
https://www.ura.gov.sg/Corporate/Resources/Ideas-and-Trends/Role-of-placemaking-tactical-urbanism,
https://www.ura.gov.sg/uol/Corporate/Property/Residential/Renting-Property/Tmp-relaxation,
https://www.ura.gov.sg/Corporate/Property/Business/Change-Use-Lodgment/Lodgmentscheme1ststoreyshophouses,
https://www.ura.gov.sg/Corporate/Guidelines/Street-and-Building-Names/~/link.aspx?_id=22548294171C4F3B9B262B01391B409E&_z=z,
https://www.ura.gov.sg/Corporate/Land-Sales/Sites-For-Tender/parry-avenue,
https://www.ura.gov.sg/Corporate/Media-Room/Media-Releases/pr23-37,
https://www.ura.gov.sg/Corporate/Media-Room/Media-Releases/pr22-11,
https://www.ura.gov.sg/Corporate/Planning/Master-Plan/Amendments/2019/gazetted-proposed-amendments-to-master-plan-2019/list-of-cases/r4-16feb24,
https://www.ura.gov.sg/Corporate/Planning/Master-Plan/Amendments/2019/gazetted-proposed-amendments-to-master-plan-2019/list-of-cases/r4-28mar24,
https://www.ura.gov.sg/Corporate/Media-Room/Media-Releases/pr23-30,
https://www.ura.gov.sg/Corporate/Media-Room/Media-Releases/pr21-19,
https://www.ura.gov.sg/Corporate/~/link.aspx?_id=7F953DD7C7A447488E6204A92118B143&_z=z,
https://www.ura.gov.sg/Corporate/Careers/Opportunities-for-Students/Scholarship/Career-Prospects,
https://www.ura.gov.sg/Corporate/Property/Residential/Renovating-private-residential-property/landed-housing-e-advisor/detached-houses/interior1/Mezzanine1,
https://www.ura.gov.sg/Corporate/Event/Power-District-RFI,
https://www.ura.gov.sg/Corporate/Media-Room/Media-Releases/pr22-01,
https://www.ura.gov.sg/Corporate/Resources/Publications/Skyline/Skyline-issue14/A-future-by-design,
https://www.ura.gov.sg/Corporate/Data/forms/Explanatory-Notes-New/DC-30,
https://www.ura.gov.sg/Corporate/Media-Room/Media-Releases/pr19-48,
https://www.ura.gov.sg/Corporate/Guidelines/Conservation/Conservation-Guidelines/Part-2-Planning-Parameters-and-Restoration-Guidelines/Secondary-Settlement/Restoration-Guidelines_3/Roof/Skylight,
https://www.ura.gov.sg/Corporate/Property/Residential/Renovating-private-residential-property/landed-housing-e-advisor/detached-houses/interior1/LiftShaft1,
https://www.ura.gov.sg/Corporate/Media-Room/Media-Releases/pr22-28,
https://www.ura.gov.sg/Corporate/Planning/Master-Plan/Amendments/2019/gazetted-approved-amendments-to-master-plan-2019/list-of-cases/r7-28mar24,
https://www.ura.gov.sg/Corporate/Land-Sales/Sites-For-Tender/marina-gardens-crescent-jun23,
https://www.ura.gov.sg/Corporate/Land-Sales/Sites-For-Tender/orchard-boulevard-oct23,
https://www.ura.gov.sg/Corporate/Event/of-tracks-and-trains-tour,
https://www.ura.gov.sg/Corporate/Guidelines/Development-Control/Planning-Permission/~/link.aspx?_id=D1983FCCC5C54814AF71E3C73A837E44&_z=z,
https://www.ura.gov.sg/Corporate/Media-Room/Media-Releases/~/link.aspx?_id=22548294171C4F3B9B262B01391B409E&_z=z,
https://www.ura.gov.sg/Corporate/Get-Involved/Shape-A-Distinctive-City/Promoting-Good-Design,
https://www.ura.gov.sg/Corporate/Land-Sales/Sites-For-Tender/dunman-road,
https://www.ura.gov.sg/Corporate/Media-Room/Forum-Replies/forum15-02,
https://www.ura.gov.sg/Corporate/Guidelines/Circulars/dc04-05,
https://www.ura.gov.sg/uol/Corporate/Planning/Master-Plan/Master-Plan-2019/Regional-Highlights,
https://www.ura.gov.sg/Corporate/Resources/Publications/Skyline/Skyline-Issue10/Biophilic-city,
https://www.ura.gov.sg/Corporate/Visual-Links/visuallink_content,
https://www.ura.gov.sg/Corporate/Planning/Master-Plan/Amendments/2019/gazetted-proposed-amendments-to-master-plan-2019/list-of-cases/r4-18jun21,
https://www.ura.gov.sg/Corporate/Guidelines/Circulars/dc16-12,
https://www.ura.gov.sg/Corporate/Planning/Master-Plan/Amendments/2019/gazetted-proposed-amendments-to-master-plan-2019/list-of-cases/r4-22dec23,